sample_id,subject_acc_ver,percent_identity,alignment_length,mismatches,gap_opens,q_start,q_end,s_start,s_end,evalue,bit_score
K0909,MT576802.1,99.945,16340,8,1,1,16339,1,16340,0.0,30125.0
K0909,DQ124380.1,99.939,16340,9,1,1,16339,1,16340,0.0,30118.0
K0909,DQ124381.1,99.939,16340,9,1,1,16339,1,16340,0.0,30118.0
K0909,MZ901605.1,99.933,16339,11,0,1,16339,1,16339,0.0,30112.0
K0909,DQ124388.1,99.933,16340,10,1,1,16339,1,16340,0.0,30112.0
K0909,DQ124402.1,99.927,16340,11,1,1,16339,1,16340,0.0,30108.0
K0909,MZ901395.1,99.927,16340,11,1,1,16339,1,16340,0.0,30108.0
K0909,DQ124382.1,99.927,16340,11,1,1,16339,1,16340,0.0,30108.0
K0909,MZ901641.1,99.927,16340,11,1,1,16339,1,16340,0.0,30107.0
K0909,MZ901389.1,99.927,16339,11,1,1,16339,1,16338,0.0,30105.0
K0914,OK375573.1,99.95,16012,8,0,311,16322,311,16322,0.0,29538.0
K0914,OK375573.1,100.0,113,0,0,44,156,44,156,3.96e-50,209.0
K0914,OK375845.1,99.944,16013,8,1,311,16322,311,16323,0.0,29532.0
K0914,OK375845.1,100.0,113,0,0,44,156,44,156,3.96e-50,209.0
K0914,OK375608.1,99.944,16013,8,1,311,16322,311,16323,0.0,29532.0
K0914,OK375608.1,100.0,113,0,0,44,156,44,156,3.96e-50,209.0
K0914,OK375574.1,99.944,16013,8,1,311,16322,311,16323,0.0,29532.0
K0914,OK375574.1,100.0,113,0,0,44,156,44,156,3.96e-50,209.0
K0914,OK375732.1,99.944,16012,9,0,311,16322,311,16322,0.0,29532.0
K0914,OK375732.1,100.0,113,0,0,44,156,44,156,3.96e-50,209.0
K0914,GQ464303.1,99.944,16013,8,1,311,16322,310,16322,0.0,29532.0
K0914,GQ464303.1,100.0,113,0,0,44,156,44,156,3.96e-50,209.0
K0914,OK375738.1,99.944,16013,8,1,311,16322,311,16323,0.0,29532.0
K0914,OK375738.1,100.0,113,0,0,44,156,44,156,3.96e-50,209.0
K0914,OK375750.1,99.944,16013,8,1,311,16322,311,16323,0.0,29532.0
K0914,OK375750.1,100.0,113,0,0,44,156,44,156,3.96e-50,209.0
K0914,OK375682.1,99.944,16013,8,1,311,16322,311,16323,0.0,29532.0
K0914,OK375682.1,100.0,113,0,0,44,156,44,156,3.96e-50,209.0
K0914,OK375741.1,99.944,16013,8,1,311,16322,311,16323,0.0,29532.0
K0914,OK375741.1,100.0,113,0,0,44,156,44,156,3.96e-50,209.0
Z9850,MZ901389.1,99.982,16337,3,0,1,16337,1,16337,0.0,30153.0
Z9850,EU177832.1,99.976,16337,4,0,1,16337,1,16337,0.0,30147.0
Z9850,MZ901481.1,99.976,16337,4,0,1,16337,1,16337,0.0,30147.0
Z9850,MZ901605.1,99.976,16338,3,1,1,16337,1,16338,0.0,30147.0
Z9850,MN200882.1,99.976,16337,4,0,1,16337,1,16337,0.0,30147.0
Z9850,MZ901641.1,99.969,16339,3,2,1,16337,1,16339,0.0,30143.0
Z9850,MZ901668.1,99.969,16337,5,0,1,16337,1,16337,0.0,30143.0
Z9850,OR766860.1,99.969,16339,3,2,1,16337,1,16339,0.0,30143.0
Z9850,OQ513038.1,99.969,16338,4,1,1,16337,1,16338,0.0,30142.0
Z9850,OQ512990.1,99.963,16339,4,2,1,16337,1,16339,0.0,30140.0
Z9851,MT576782.1,99.969,16339,5,0,1,16339,1,16339,0.0,30147.0
Z9851,MN714182.1,99.969,16339,5,0,1,16339,1,16339,0.0,30147.0
Z9851,MT576783.1,99.963,16339,6,0,1,16339,1,16339,0.0,30143.0
Z9851,MT576708.1,99.963,16339,6,0,1,16339,1,16339,0.0,30143.0
Z9851,OQ513007.1,99.963,16339,6,0,1,16339,1,16339,0.0,30142.0
Z9851,MT576788.1,99.963,16339,6,0,1,16339,1,16339,0.0,30142.0
Z9851,MT576785.1,99.963,16339,5,1,1,16339,1,16338,0.0,30140.0
Z9851,MN200841.1,99.957,16339,7,0,1,16339,1,16339,0.0,30138.0
Z9851,MN714183.1,99.957,16339,7,0,1,16339,1,16339,0.0,30136.0
Z9851,MN200842.1,99.957,16339,7,0,1,16339,1,16339,0.0,30136.0
Z9852,MN714184.1,99.982,16338,3,0,1,16338,1,16338,0.0,30155.0
Z9852,MT576746.1,99.982,16339,2,1,1,16338,1,16339,0.0,30155.0
Z9852,MN200885.1,99.976,16338,4,0,1,16338,1,16338,0.0,30149.0
Z9852,MN200883.1,99.976,16338,4,0,1,16338,1,16338,0.0,30149.0
Z9852,MN714190.1,99.976,16339,3,1,1,16338,1,16339,0.0,30149.0
Z9852,MN714177.1,99.976,16338,4,0,1,16338,1,16338,0.0,30149.0
Z9852,MT576756.1,99.969,16338,5,0,1,16338,1,16338,0.0,30143.0
Z9852,MT576736.1,99.969,16338,5,0,1,16338,1,16338,0.0,30143.0
Z9852,MT576732.1,99.969,16339,4,1,1,16338,1,16339,0.0,30143.0
Z9852,MT576750.1,99.969,16338,5,0,1,16338,1,16338,0.0,30143.0
Z9853,OK375844.1,95.099,959,47,0,5838,6796,5837,6795,0.0,1592.0
Z9853,OK375844.1,95.325,877,41,0,14477,15353,14476,15352,0.0,1465.0
Z9853,OK375844.1,96.439,702,25,0,6838,7539,6837,7538,0.0,1205.0
Z9853,OK375844.1,93.165,673,46,0,13462,14134,13461,14133,0.0,1072.0
Z9853,OK375844.1,98.708,542,7,0,15782,16323,15781,16322,0.0,974.0
Z9853,OK375844.1,95.652,506,22,0,11716,12221,11715,12220,0.0,854.0
Z9853,OK375844.1,99.771,437,1,0,333,769,333,769,0.0,802.0
Z9853,OK375844.1,99.733,374,1,0,4431,4804,4430,4803,0.0,688.0
Z9853,OK375844.1,94.258,418,24,0,3670,4087,3669,4086,0.0,684.0
Z9853,OK375844.1,99.705,339,1,0,3144,3482,3143,3481,1.19e-174,623.0
Z9853,OK375844.1,99.392,329,2,0,2774,3102,2773,3101,2.01e-167,599.0
Z9853,OK375844.1,100.0,316,0,0,1358,1673,1357,1672,5.63e-163,584.0
Z9853,OK375844.1,93.75,352,22,0,9419,9770,9418,9769,1.58e-158,569.0
Z9853,OK375844.1,87.562,402,50,0,7616,8017,7615,8016,3.41e-155,558.0
Z9853,OK375844.1,95.745,329,14,0,5080,5408,5079,5407,1.23e-154,556.0
Z9853,OK375844.1,99.016,305,3,0,15415,15719,15414,15718,1.59e-153,553.0
Z9853,OK375844.1,100.0,274,0,0,10359,10632,10358,10631,1.25e-139,507.0
Z9853,OK375844.1,99.625,267,1,0,1742,2008,1741,2007,1.26e-134,490.0
Z9853,OK375844.1,100.0,250,0,0,2111,2360,2110,2359,2.75e-126,462.0
Z9853,OK375844.1,92.23,296,23,0,12892,13187,12891,13186,9.89e-126,460.0
Z9853,OK375844.1,95.076,264,13,0,8271,8534,8270,8533,1.67e-118,436.0
Z9853,OK375844.1,99.061,213,2,0,10036,10248,10035,10247,6.13e-103,385.0
Z9853,OK375844.1,100.0,207,0,0,1069,1275,1068,1274,2.20e-102,383.0
Z9853,OK375844.1,99.519,208,1,0,9075,9282,9074,9281,7.92e-102,381.0
Z9853,OK375844.1,99.412,170,0,1,838,1007,838,1006,1.36e-79,307.0
Z9853,OK375844.1,99.367,158,1,0,4184,4341,4183,4340,1.78e-73,287.0
Z9853,OK375844.1,100.0,154,0,0,8788,8941,8787,8940,6.39e-73,285.0
Z9853,OK375844.1,93.865,163,10,0,9807,9969,9806,9968,8.33e-67,265.0
Z9853,OK375844.1,100.0,114,0,0,13283,13396,13282,13395,1.10e-50,211.0
Z9853,OK375844.1,97.5,120,3,0,14266,14385,14265,14384,1.10e-50,211.0
Z9853,OK375844.1,100.0,98,0,0,12707,12804,12706,12803,8.63e-42,182.0
Z9853,OK375844.1,100.0,86,0,0,11434,11519,11433,11518,4.04e-35,159.0
Z9853,OK375844.1,100.0,79,0,0,8068,8146,8067,8145,3.15e-31,147.0
Z9853,OK375844.1,89.583,96,10,0,12435,12530,12434,12529,1.46e-29,141.0
Z9853,OK375844.1,100.0,75,0,0,2468,2542,2467,2541,5.27e-29,139.0
Z9853,OK375844.1,100.0,75,0,0,12593,12667,12592,12666,5.27e-29,139.0
Z9853,OK375844.1,100.0,69,0,0,12317,12385,12316,12384,1.14e-25,128.0
Z9853,OK375844.1,100.0,66,0,0,3524,3589,3523,3588,5.30e-24,122.0
Z9853,OK375844.1,100.0,64,0,0,2579,2642,2578,2641,6.86e-23,119.0
Z9853,OK375844.1,98.485,66,1,0,10699,10764,10698,10763,2.47e-22,117.0
Z9853,OK375844.1,100.0,51,0,0,8655,8705,8654,8704,1.16e-15,95.3
Z9853,OK375844.1,100.0,49,0,0,9331,9379,9330,9378,1.50e-14,91.6
Z9853,OK375844.1,100.0,49,0,0,10944,10992,10943,10991,1.50e-14,91.6
Z9853,OK375844.1,100.0,45,0,0,11288,11332,11287,11331,2.50e-12,84.2
Z9853,OK375844.1,100.0,44,0,0,5467,5510,5466,5509,9.00e-12,82.4
Z9853,OK375844.1,100.0,33,0,0,2693,2725,2692,2724,1.17e-05,62.1
Z9853,OK375859.1,95.099,959,47,0,5838,6796,5837,6795,0.0,1592.0
Z9853,OK375859.1,95.439,877,40,0,14477,15353,14476,15352,0.0,1471.0
Z9853,OK375859.1,96.439,702,25,0,6838,7539,6837,7538,0.0,1205.0
Z9853,OK375859.1,93.165,673,46,0,13462,14134,13461,14133,0.0,1072.0
Z9853,OK375859.1,98.893,542,6,0,15782,16323,15781,16322,0.0,979.0
Z9853,OK375859.1,95.652,506,22,0,11716,12221,11715,12220,0.0,854.0
Z9853,OK375859.1,100.0,437,0,0,333,769,333,769,0.0,808.0
Z9853,OK375859.1,99.733,374,1,0,4431,4804,4430,4803,0.0,688.0
Z9853,OK375859.1,94.258,418,24,0,3670,4087,3669,4086,0.0,684.0
Z9853,OK375859.1,99.705,339,1,0,3144,3482,3143,3481,1.19e-174,623.0
Z9853,OK375859.1,99.696,329,1,0,2774,3102,2773,3101,4.32e-169,604.0
Z9853,OK375859.1,100.0,316,0,0,1358,1673,1357,1672,5.63e-163,584.0
Z9853,OK375859.1,93.75,352,22,0,9419,9770,9418,9769,1.58e-158,569.0
Z9853,OK375859.1,95.745,329,14,0,5080,5408,5079,5407,1.23e-154,556.0
Z9853,OK375859.1,87.313,402,51,0,7616,8017,7615,8016,1.59e-153,553.0
Z9853,OK375859.1,99.016,305,3,0,15415,15719,15414,15718,1.59e-153,553.0
Z9853,OK375859.1,100.0,274,0,0,10359,10632,10358,10631,1.25e-139,507.0
Z9853,OK375859.1,99.625,267,1,0,1742,2008,1741,2007,1.26e-134,490.0
Z9853,OK375859.1,100.0,250,0,0,2111,2360,2110,2359,2.75e-126,462.0
Z9853,OK375859.1,92.23,296,23,0,12892,13187,12891,13186,9.89e-126,460.0
Z9853,OK375859.1,95.455,264,12,0,8271,8534,8270,8533,3.58e-120,442.0
Z9853,OK375859.1,99.531,213,1,0,10036,10248,10035,10247,1.32e-104,390.0
Z9853,OK375859.1,100.0,207,0,0,1069,1275,1068,1274,2.20e-102,383.0
Z9853,OK375859.1,99.519,208,1,0,9075,9282,9074,9281,7.92e-102,381.0
Z9853,OK375859.1,99.412,170,0,1,838,1007,838,1006,1.36e-79,307.0
Z9853,OK375859.1,100.0,158,0,0,4184,4341,4183,4340,3.82e-75,292.0
Z9853,OK375859.1,100.0,154,0,0,8788,8941,8787,8940,6.39e-73,285.0
Z9853,OK375859.1,93.865,163,10,0,9807,9969,9806,9968,8.33e-67,265.0
Z9853,OK375859.1,100.0,114,0,0,13283,13396,13282,13395,1.10e-50,211.0
Z9853,OK375859.1,97.5,120,3,0,14266,14385,14265,14384,1.10e-50,211.0
Z9853,OK375859.1,100.0,98,0,0,12707,12804,12706,12803,8.63e-42,182.0
Z9853,OK375859.1,100.0,86,0,0,11434,11519,11433,11518,4.04e-35,159.0
Z9853,OK375859.1,100.0,79,0,0,8068,8146,8067,8145,3.15e-31,147.0
Z9853,OK375859.1,89.583,96,10,0,12435,12530,12434,12529,1.46e-29,141.0
Z9853,OK375859.1,100.0,75,0,0,2468,2542,2467,2541,5.27e-29,139.0
Z9853,OK375859.1,100.0,75,0,0,12593,12667,12592,12666,5.27e-29,139.0
Z9853,OK375859.1,100.0,69,0,0,12317,12385,12316,12384,1.14e-25,128.0
Z9853,OK375859.1,100.0,66,0,0,3524,3589,3523,3588,5.30e-24,122.0
Z9853,OK375859.1,100.0,64,0,0,2579,2642,2578,2641,6.86e-23,119.0
Z9853,OK375859.1,98.485,66,1,0,10699,10764,10698,10763,2.47e-22,117.0
Z9853,OK375859.1,100.0,51,0,0,8655,8705,8654,8704,1.16e-15,95.3
Z9853,OK375859.1,100.0,49,0,0,9331,9379,9330,9378,1.50e-14,91.6
Z9853,OK375859.1,100.0,49,0,0,10944,10992,10943,10991,1.50e-14,91.6
Z9853,OK375859.1,100.0,45,0,0,11288,11332,11287,11331,2.50e-12,84.2
Z9853,OK375859.1,100.0,44,0,0,5467,5510,5466,5509,9.00e-12,82.4
Z9853,OK375859.1,100.0,33,0,0,2693,2725,2692,2724,1.17e-05,62.1
Z9853,OK375864.1,95.099,959,47,0,5838,6796,5837,6795,0.0,1592.0
Z9853,OK375864.1,95.439,877,40,0,14477,15353,14476,15352,0.0,1471.0
Z9853,OK375864.1,96.439,702,25,0,6838,7539,6837,7538,0.0,1205.0
Z9853,OK375864.1,93.165,673,46,0,13462,14134,13461,14133,0.0,1072.0
Z9853,OK375864.1,98.893,542,6,0,15782,16323,15781,16322,0.0,979.0
Z9853,OK375864.1,95.652,506,22,0,11716,12221,11715,12220,0.0,854.0
Z9853,OK375864.1,100.0,437,0,0,333,769,333,769,0.0,808.0
Z9853,OK375864.1,99.733,374,1,0,4431,4804,4430,4803,0.0,688.0
Z9853,OK375864.1,94.258,418,24,0,3670,4087,3669,4086,0.0,684.0
Z9853,OK375864.1,99.705,339,1,0,3144,3482,3143,3481,1.19e-174,623.0
Z9853,OK375864.1,99.696,329,1,0,2774,3102,2773,3101,4.32e-169,604.0
Z9853,OK375864.1,100.0,316,0,0,1358,1673,1357,1672,5.63e-163,584.0
Z9853,OK375864.1,93.75,352,22,0,9419,9770,9418,9769,1.58e-158,569.0
Z9853,OK375864.1,95.745,329,14,0,5080,5408,5079,5407,1.23e-154,556.0
Z9853,OK375864.1,87.313,402,51,0,7616,8017,7615,8016,1.59e-153,553.0
Z9853,OK375864.1,99.016,305,3,0,15415,15719,15414,15718,1.59e-153,553.0
Z9853,OK375864.1,100.0,274,0,0,10359,10632,10358,10631,1.25e-139,507.0
Z9853,OK375864.1,99.625,267,1,0,1742,2008,1741,2007,1.26e-134,490.0
Z9853,OK375864.1,100.0,250,0,0,2111,2360,2110,2359,2.75e-126,462.0
Z9853,OK375864.1,92.23,296,23,0,12892,13187,12891,13186,9.89e-126,460.0
Z9853,OK375864.1,95.455,264,12,0,8271,8534,8270,8533,3.58e-120,442.0
Z9853,OK375864.1,99.531,213,1,0,10036,10248,10035,10247,1.32e-104,390.0
Z9853,OK375864.1,100.0,207,0,0,1069,1275,1068,1274,2.20e-102,383.0
Z9853,OK375864.1,99.519,208,1,0,9075,9282,9074,9281,7.92e-102,381.0
Z9853,OK375864.1,98.824,170,1,1,838,1007,838,1006,6.35e-78,302.0
Z9853,OK375864.1,100.0,158,0,0,4184,4341,4183,4340,3.82e-75,292.0
Z9853,OK375864.1,100.0,154,0,0,8788,8941,8787,8940,6.39e-73,285.0
Z9853,OK375864.1,93.865,163,10,0,9807,9969,9806,9968,8.33e-67,265.0
Z9853,OK375864.1,100.0,114,0,0,13283,13396,13282,13395,1.10e-50,211.0
Z9853,OK375864.1,97.5,120,3,0,14266,14385,14265,14384,1.10e-50,211.0
Z9853,OK375864.1,100.0,98,0,0,12707,12804,12706,12803,8.63e-42,182.0
Z9853,OK375864.1,100.0,86,0,0,11434,11519,11433,11518,4.04e-35,159.0
Z9853,OK375864.1,100.0,79,0,0,8068,8146,8067,8145,3.15e-31,147.0
Z9853,OK375864.1,89.583,96,10,0,12435,12530,12434,12529,1.46e-29,141.0
Z9853,OK375864.1,100.0,75,0,0,2468,2542,2467,2541,5.27e-29,139.0
Z9853,OK375864.1,100.0,75,0,0,12593,12667,12592,12666,5.27e-29,139.0
Z9853,OK375864.1,100.0,69,0,0,12317,12385,12316,12384,1.14e-25,128.0
Z9853,OK375864.1,100.0,66,0,0,3524,3589,3523,3588,5.30e-24,122.0
Z9853,OK375864.1,100.0,64,0,0,2579,2642,2578,2641,6.86e-23,119.0
Z9853,OK375864.1,98.485,66,1,0,10699,10764,10698,10763,2.47e-22,117.0
Z9853,OK375864.1,100.0,51,0,0,8655,8705,8654,8704,1.16e-15,95.3
Z9853,OK375864.1,100.0,49,0,0,9331,9379,9330,9378,1.50e-14,91.6
Z9853,OK375864.1,100.0,49,0,0,10944,10992,10943,10991,1.50e-14,91.6
Z9853,OK375864.1,100.0,45,0,0,11288,11332,11287,11331,2.50e-12,84.2
Z9853,OK375864.1,100.0,44,0,0,5467,5510,5466,5509,9.00e-12,82.4
Z9853,OK375864.1,100.0,33,0,0,2693,2725,2692,2724,1.17e-05,62.1
Z9853,OK375848.1,95.099,959,47,0,5838,6796,5837,6795,0.0,1592.0
Z9853,OK375848.1,95.439,877,40,0,14477,15353,14476,15352,0.0,1471.0
Z9853,OK375848.1,96.439,702,25,0,6838,7539,6837,7538,0.0,1205.0
Z9853,OK375848.1,93.165,673,46,0,13462,14134,13461,14133,0.0,1072.0
Z9853,OK375848.1,98.893,542,6,0,15782,16323,15781,16322,0.0,979.0
Z9853,OK375848.1,95.652,506,22,0,11716,12221,11715,12220,0.0,854.0
Z9853,OK375848.1,99.771,437,1,0,333,769,333,769,0.0,802.0
Z9853,OK375848.1,99.733,374,1,0,4431,4804,4430,4803,0.0,688.0
Z9853,OK375848.1,94.258,418,24,0,3670,4087,3669,4086,0.0,684.0
Z9853,OK375848.1,99.705,339,1,0,3144,3482,3143,3481,1.19e-174,623.0
Z9853,OK375848.1,99.696,329,1,0,2774,3102,2773,3101,4.32e-169,604.0
Z9853,OK375848.1,100.0,316,0,0,1358,1673,1357,1672,5.63e-163,584.0
Z9853,OK375848.1,93.75,352,22,0,9419,9770,9418,9769,1.58e-158,569.0
Z9853,OK375848.1,95.745,329,14,0,5080,5408,5079,5407,1.23e-154,556.0
Z9853,OK375848.1,87.313,402,51,0,7616,8017,7615,8016,1.59e-153,553.0
Z9853,OK375848.1,99.016,305,3,0,15415,15719,15414,15718,1.59e-153,553.0
Z9853,OK375848.1,100.0,274,0,0,10359,10632,10358,10631,1.25e-139,507.0
Z9853,OK375848.1,99.625,267,1,0,1742,2008,1741,2007,1.26e-134,490.0
Z9853,OK375848.1,100.0,250,0,0,2111,2360,2110,2359,2.75e-126,462.0
Z9853,OK375848.1,92.23,296,23,0,12892,13187,12891,13186,9.89e-126,460.0
Z9853,OK375848.1,95.455,264,12,0,8271,8534,8270,8533,3.58e-120,442.0
Z9853,OK375848.1,99.531,213,1,0,10036,10248,10035,10247,1.32e-104,390.0
Z9853,OK375848.1,100.0,207,0,0,1069,1275,1068,1274,2.20e-102,383.0
Z9853,OK375848.1,99.519,208,1,0,9075,9282,9074,9281,7.92e-102,381.0
Z9853,OK375848.1,99.412,170,0,1,838,1007,838,1006,1.36e-79,307.0
Z9853,OK375848.1,100.0,158,0,0,4184,4341,4183,4340,3.82e-75,292.0
Z9853,OK375848.1,100.0,154,0,0,8788,8941,8787,8940,6.39e-73,285.0
Z9853,OK375848.1,93.865,163,10,0,9807,9969,9806,9968,8.33e-67,265.0
Z9853,OK375848.1,100.0,114,0,0,13283,13396,13282,13395,1.10e-50,211.0
Z9853,OK375848.1,97.5,120,3,0,14266,14385,14265,14384,1.10e-50,211.0
Z9853,OK375848.1,100.0,98,0,0,12707,12804,12706,12803,8.63e-42,182.0
Z9853,OK375848.1,100.0,86,0,0,11434,11519,11433,11518,4.04e-35,159.0
Z9853,OK375848.1,100.0,79,0,0,8068,8146,8067,8145,3.15e-31,147.0
Z9853,OK375848.1,89.583,96,10,0,12435,12530,12434,12529,1.46e-29,141.0
Z9853,OK375848.1,100.0,75,0,0,2468,2542,2467,2541,5.27e-29,139.0
Z9853,OK375848.1,100.0,75,0,0,12593,12667,12592,12666,5.27e-29,139.0
Z9853,OK375848.1,100.0,69,0,0,12317,12385,12316,12384,1.14e-25,128.0
Z9853,OK375848.1,100.0,66,0,0,3524,3589,3523,3588,5.30e-24,122.0
Z9853,OK375848.1,100.0,64,0,0,2579,2642,2578,2641,6.86e-23,119.0
Z9853,OK375848.1,98.485,66,1,0,10699,10764,10698,10763,2.47e-22,117.0
Z9853,OK375848.1,100.0,51,0,0,8655,8705,8654,8704,1.16e-15,95.3
Z9853,OK375848.1,100.0,49,0,0,9331,9379,9330,9378,1.50e-14,91.6
Z9853,OK375848.1,100.0,49,0,0,10944,10992,10943,10991,1.50e-14,91.6
Z9853,OK375848.1,100.0,45,0,0,11288,11332,11287,11331,2.50e-12,84.2
Z9853,OK375848.1,100.0,44,0,0,5467,5510,5466,5509,9.00e-12,82.4
Z9853,OK375848.1,100.0,33,0,0,2693,2725,2692,2724,1.17e-05,62.1
Z9853,OK375867.1,95.099,959,47,0,5838,6796,5837,6795,0.0,1592.0
Z9853,OK375867.1,95.439,877,40,0,14477,15353,14476,15352,0.0,1471.0
Z9853,OK375867.1,96.439,702,25,0,6838,7539,6837,7538,0.0,1205.0
Z9853,OK375867.1,93.165,673,46,0,13462,14134,13461,14133,0.0,1072.0
Z9853,OK375867.1,98.893,542,6,0,15782,16323,15781,16322,0.0,979.0
Z9853,OK375867.1,95.652,506,22,0,11716,12221,11715,12220,0.0,854.0
Z9853,OK375867.1,100.0,437,0,0,333,769,333,769,0.0,808.0
Z9853,OK375867.1,99.733,374,1,0,4431,4804,4430,4803,0.0,688.0
Z9853,OK375867.1,94.258,418,24,0,3670,4087,3669,4086,0.0,684.0
Z9853,OK375867.1,99.705,339,1,0,3144,3482,3143,3481,1.19e-174,623.0
Z9853,OK375867.1,99.696,329,1,0,2774,3102,2773,3101,4.32e-169,604.0
Z9853,OK375867.1,100.0,316,0,0,1358,1673,1357,1672,5.63e-163,584.0
Z9853,OK375867.1,93.75,352,22,0,9419,9770,9418,9769,1.58e-158,569.0
Z9853,OK375867.1,95.745,329,14,0,5080,5408,5079,5407,1.23e-154,556.0
Z9853,OK375867.1,87.313,402,51,0,7616,8017,7615,8016,1.59e-153,553.0
Z9853,OK375867.1,99.016,305,3,0,15415,15719,15414,15718,1.59e-153,553.0
Z9853,OK375867.1,100.0,274,0,0,10359,10632,10358,10631,1.25e-139,507.0
Z9853,OK375867.1,99.625,267,1,0,1742,2008,1741,2007,1.26e-134,490.0
Z9853,OK375867.1,100.0,250,0,0,2111,2360,2110,2359,2.75e-126,462.0
Z9853,OK375867.1,92.23,296,23,0,12892,13187,12891,13186,9.89e-126,460.0
Z9853,OK375867.1,95.455,264,12,0,8271,8534,8270,8533,3.58e-120,442.0
Z9853,OK375867.1,99.531,213,1,0,10036,10248,10035,10247,1.32e-104,390.0
Z9853,OK375867.1,100.0,207,0,0,1069,1275,1068,1274,2.20e-102,383.0
Z9853,OK375867.1,99.519,208,1,0,9075,9282,9074,9281,7.92e-102,381.0
Z9853,OK375867.1,99.412,170,0,1,838,1007,838,1006,1.36e-79,307.0
Z9853,OK375867.1,100.0,158,0,0,4184,4341,4183,4340,3.82e-75,292.0
Z9853,OK375867.1,100.0,154,0,0,8788,8941,8787,8940,6.39e-73,285.0
Z9853,OK375867.1,93.865,163,10,0,9807,9969,9806,9968,8.33e-67,265.0
Z9853,OK375867.1,100.0,114,0,0,13283,13396,13282,13395,1.10e-50,211.0
Z9853,OK375867.1,97.5,120,3,0,14266,14385,14265,14384,1.10e-50,211.0
Z9853,OK375867.1,100.0,98,0,0,12707,12804,12706,12803,8.63e-42,182.0
Z9853,OK375867.1,100.0,86,0,0,11434,11519,11433,11518,4.04e-35,159.0
Z9853,OK375867.1,100.0,79,0,0,8068,8146,8067,8145,3.15e-31,147.0
Z9853,OK375867.1,89.583,96,10,0,12435,12530,12434,12529,1.46e-29,141.0
Z9853,OK375867.1,100.0,75,0,0,2468,2542,2467,2541,5.27e-29,139.0
Z9853,OK375867.1,100.0,75,0,0,12593,12667,12592,12666,5.27e-29,139.0
Z9853,OK375867.1,100.0,69,0,0,12317,12385,12316,12384,1.14e-25,128.0
Z9853,OK375867.1,100.0,66,0,0,3524,3589,3523,3588,5.30e-24,122.0
Z9853,OK375867.1,100.0,64,0,0,2579,2642,2578,2641,6.86e-23,119.0
Z9853,OK375867.1,98.485,66,1,0,10699,10764,10698,10763,2.47e-22,117.0
Z9853,OK375867.1,100.0,51,0,0,8655,8705,8654,8704,1.16e-15,95.3
Z9853,OK375867.1,100.0,49,0,0,9331,9379,9330,9378,1.50e-14,91.6
Z9853,OK375867.1,100.0,49,0,0,10944,10992,10943,10991,1.50e-14,91.6
Z9853,OK375867.1,100.0,45,0,0,11288,11332,11287,11331,2.50e-12,84.2
Z9853,OK375867.1,100.0,44,0,0,5467,5510,5466,5509,9.00e-12,82.4
Z9853,OK375867.1,100.0,33,0,0,2693,2725,2692,2724,1.17e-05,62.1
Z9853,OR085999.1,95.099,959,47,0,5838,6796,5838,6796,0.0,1592.0
Z9853,OR085999.1,95.439,877,40,0,14477,15353,14477,15353,0.0,1471.0
Z9853,OR085999.1,96.439,702,25,0,6838,7539,6838,7539,0.0,1205.0
Z9853,OR085999.1,93.165,673,46,0,13462,14134,13462,14134,0.0,1072.0
Z9853,OR085999.1,98.893,542,6,0,15782,16323,15782,16323,0.0,979.0
Z9853,OR085999.1,95.652,506,22,0,11716,12221,11716,12221,0.0,854.0
Z9853,OR085999.1,99.771,437,1,0,333,769,334,770,0.0,802.0
Z9853,OR085999.1,99.733,374,1,0,4431,4804,4431,4804,0.0,688.0
Z9853,OR085999.1,94.258,418,24,0,3670,4087,3670,4087,0.0,684.0
Z9853,OR085999.1,99.705,339,1,0,3144,3482,3144,3482,1.19e-174,623.0
Z9853,OR085999.1,99.696,329,1,0,2774,3102,2774,3102,4.32e-169,604.0
Z9853,OR085999.1,100.0,316,0,0,1358,1673,1358,1673,5.63e-163,584.0
Z9853,OR085999.1,93.75,352,22,0,9419,9770,9419,9770,1.58e-158,569.0
Z9853,OR085999.1,95.745,329,14,0,5080,5408,5080,5408,1.23e-154,556.0
Z9853,OR085999.1,87.313,402,51,0,7616,8017,7616,8017,1.59e-153,553.0
Z9853,OR085999.1,99.016,305,3,0,15415,15719,15415,15719,1.59e-153,553.0
Z9853,OR085999.1,100.0,274,0,0,10359,10632,10359,10632,1.25e-139,507.0
Z9853,OR085999.1,99.625,267,1,0,1742,2008,1742,2008,1.26e-134,490.0
Z9853,OR085999.1,100.0,250,0,0,2111,2360,2111,2360,2.75e-126,462.0
Z9853,OR085999.1,92.23,296,23,0,12892,13187,12892,13187,9.89e-126,460.0
Z9853,OR085999.1,95.455,264,12,0,8271,8534,8271,8534,3.58e-120,442.0
Z9853,OR085999.1,99.531,213,1,0,10036,10248,10036,10248,1.32e-104,390.0
Z9853,OR085999.1,100.0,207,0,0,1069,1275,1069,1275,2.20e-102,383.0
Z9853,OR085999.1,99.519,208,1,0,9075,9282,9075,9282,7.92e-102,381.0
Z9853,OR085999.1,99.412,170,0,1,838,1007,839,1007,1.36e-79,307.0
Z9853,OR085999.1,100.0,158,0,0,4184,4341,4184,4341,3.82e-75,292.0
Z9853,OR085999.1,100.0,154,0,0,8788,8941,8788,8941,6.39e-73,285.0
Z9853,OR085999.1,93.252,163,11,0,9807,9969,9807,9969,3.87e-65,259.0
Z9853,OR085999.1,100.0,114,0,0,13283,13396,13283,13396,1.10e-50,211.0
Z9853,OR085999.1,97.5,120,3,0,14266,14385,14266,14385,1.10e-50,211.0
Z9853,OR085999.1,100.0,98,0,0,12707,12804,12707,12804,8.63e-42,182.0
Z9853,OR085999.1,100.0,86,0,0,11434,11519,11434,11519,4.04e-35,159.0
Z9853,OR085999.1,100.0,79,0,0,8068,8146,8068,8146,3.15e-31,147.0
Z9853,OR085999.1,89.583,96,10,0,12435,12530,12435,12530,1.46e-29,141.0
Z9853,OR085999.1,100.0,75,0,0,2468,2542,2468,2542,5.27e-29,139.0
Z9853,OR085999.1,100.0,75,0,0,12593,12667,12593,12667,5.27e-29,139.0
Z9853,OR085999.1,100.0,69,0,0,12317,12385,12317,12385,1.14e-25,128.0
Z9853,OR085999.1,100.0,66,0,0,3524,3589,3524,3589,5.30e-24,122.0
Z9853,OR085999.1,100.0,64,0,0,2579,2642,2579,2642,6.86e-23,119.0
Z9853,OR085999.1,98.485,66,1,0,10699,10764,10699,10764,2.47e-22,117.0
Z9853,OR085999.1,100.0,51,0,0,8655,8705,8655,8705,1.16e-15,95.3
Z9853,OR085999.1,100.0,49,0,0,9331,9379,9331,9379,1.50e-14,91.6
Z9853,OR085999.1,100.0,49,0,0,10944,10992,10944,10992,1.50e-14,91.6
Z9853,OR085999.1,100.0,45,0,0,11288,11332,11288,11332,2.50e-12,84.2
Z9853,OR085999.1,100.0,44,0,0,5467,5510,5467,5510,9.00e-12,82.4
Z9853,OR085999.1,100.0,33,0,0,2693,2725,2693,2725,1.17e-05,62.1
Z9853,OK375849.1,95.099,959,47,0,5838,6796,5837,6795,0.0,1592.0
Z9853,OK375849.1,95.439,877,40,0,14477,15353,14476,15352,0.0,1471.0
Z9853,OK375849.1,96.439,702,25,0,6838,7539,6837,7538,0.0,1205.0
Z9853,OK375849.1,93.165,673,46,0,13462,14134,13461,14133,0.0,1072.0
Z9853,OK375849.1,98.893,542,6,0,15782,16323,15781,16322,0.0,979.0
Z9853,OK375849.1,95.652,506,22,0,11716,12221,11715,12220,0.0,854.0
Z9853,OK375849.1,100.0,437,0,0,333,769,333,769,0.0,808.0
Z9853,OK375849.1,99.733,374,1,0,4431,4804,4430,4803,0.0,688.0
Z9853,OK375849.1,94.258,418,24,0,3670,4087,3669,4086,0.0,684.0
Z9853,OK375849.1,99.705,339,1,0,3144,3482,3143,3481,1.19e-174,623.0
Z9853,OK375849.1,99.696,329,1,0,2774,3102,2773,3101,4.32e-169,604.0
Z9853,OK375849.1,100.0,316,0,0,1358,1673,1357,1672,5.63e-163,584.0
Z9853,OK375849.1,93.75,352,22,0,9419,9770,9418,9769,1.58e-158,569.0
Z9853,OK375849.1,95.745,329,14,0,5080,5408,5079,5407,1.23e-154,556.0
Z9853,OK375849.1,87.313,402,51,0,7616,8017,7615,8016,1.59e-153,553.0
Z9853,OK375849.1,99.016,305,3,0,15415,15719,15414,15718,1.59e-153,553.0
Z9853,OK375849.1,100.0,274,0,0,10359,10632,10358,10631,1.25e-139,507.0
Z9853,OK375849.1,99.625,267,1,0,1742,2008,1741,2007,1.26e-134,490.0
Z9853,OK375849.1,100.0,250,0,0,2111,2360,2110,2359,2.75e-126,462.0
Z9853,OK375849.1,92.23,296,23,0,12892,13187,12891,13186,9.89e-126,460.0
Z9853,OK375849.1,95.455,264,12,0,8271,8534,8270,8533,3.58e-120,442.0
Z9853,OK375849.1,99.531,213,1,0,10036,10248,10035,10247,1.32e-104,390.0
Z9853,OK375849.1,100.0,207,0,0,1069,1275,1068,1274,2.20e-102,383.0
Z9853,OK375849.1,99.519,208,1,0,9075,9282,9074,9281,7.92e-102,381.0
Z9853,OK375849.1,99.412,170,0,1,838,1007,838,1006,1.36e-79,307.0
Z9853,OK375849.1,100.0,158,0,0,4184,4341,4183,4340,3.82e-75,292.0
Z9853,OK375849.1,100.0,154,0,0,8788,8941,8787,8940,6.39e-73,285.0
Z9853,OK375849.1,93.865,163,10,0,9807,9969,9806,9968,8.33e-67,265.0
Z9853,OK375849.1,100.0,114,0,0,13283,13396,13282,13395,1.10e-50,211.0
Z9853,OK375849.1,97.5,120,3,0,14266,14385,14265,14384,1.10e-50,211.0
Z9853,OK375849.1,100.0,98,0,0,12707,12804,12706,12803,8.63e-42,182.0
Z9853,OK375849.1,100.0,86,0,0,11434,11519,11433,11518,4.04e-35,159.0
Z9853,OK375849.1,100.0,79,0,0,8068,8146,8067,8145,3.15e-31,147.0
Z9853,OK375849.1,89.583,96,10,0,12435,12530,12434,12529,1.46e-29,141.0
Z9853,OK375849.1,100.0,75,0,0,2468,2542,2467,2541,5.27e-29,139.0
Z9853,OK375849.1,100.0,75,0,0,12593,12667,12592,12666,5.27e-29,139.0
Z9853,OK375849.1,100.0,69,0,0,12317,12385,12316,12384,1.14e-25,128.0
Z9853,OK375849.1,100.0,66,0,0,3524,3589,3523,3588,5.30e-24,122.0
Z9853,OK375849.1,100.0,64,0,0,2579,2642,2578,2641,6.86e-23,119.0
Z9853,OK375849.1,98.485,66,1,0,10699,10764,10698,10763,2.47e-22,117.0
Z9853,OK375849.1,100.0,51,0,0,8655,8705,8654,8704,1.16e-15,95.3
Z9853,OK375849.1,100.0,49,0,0,9331,9379,9330,9378,1.50e-14,91.6
Z9853,OK375849.1,100.0,49,0,0,10944,10992,10943,10991,1.50e-14,91.6
Z9853,OK375849.1,100.0,45,0,0,11288,11332,11287,11331,2.50e-12,84.2
Z9853,OK375849.1,100.0,44,0,0,5467,5510,5466,5509,9.00e-12,82.4
Z9853,OK375849.1,100.0,33,0,0,2693,2725,2692,2724,1.17e-05,62.1
Z9853,OK375843.1,95.099,959,47,0,5838,6796,5837,6795,0.0,1592.0
Z9853,OK375843.1,95.439,877,40,0,14477,15353,14476,15352,0.0,1471.0
Z9853,OK375843.1,96.439,702,25,0,6838,7539,6837,7538,0.0,1205.0
Z9853,OK375843.1,93.165,673,46,0,13462,14134,13461,14133,0.0,1072.0
Z9853,OK375843.1,98.893,542,6,0,15782,16323,15781,16322,0.0,979.0
Z9853,OK375843.1,95.652,506,22,0,11716,12221,11715,12220,0.0,854.0
Z9853,OK375843.1,100.0,437,0,0,333,769,333,769,0.0,808.0
Z9853,OK375843.1,99.733,374,1,0,4431,4804,4430,4803,0.0,688.0
Z9853,OK375843.1,94.258,418,24,0,3670,4087,3669,4086,0.0,684.0
Z9853,OK375843.1,99.705,339,1,0,3144,3482,3143,3481,1.19e-174,623.0
Z9853,OK375843.1,99.696,329,1,0,2774,3102,2773,3101,4.32e-169,604.0
Z9853,OK375843.1,100.0,316,0,0,1358,1673,1357,1672,5.63e-163,584.0
Z9853,OK375843.1,93.75,352,22,0,9419,9770,9418,9769,1.58e-158,569.0
Z9853,OK375843.1,95.745,329,14,0,5080,5408,5079,5407,1.23e-154,556.0
Z9853,OK375843.1,87.313,402,51,0,7616,8017,7615,8016,1.59e-153,553.0
Z9853,OK375843.1,99.016,305,3,0,15415,15719,15414,15718,1.59e-153,553.0
Z9853,OK375843.1,100.0,274,0,0,10359,10632,10358,10631,1.25e-139,507.0
Z9853,OK375843.1,99.625,267,1,0,1742,2008,1741,2007,1.26e-134,490.0
Z9853,OK375843.1,100.0,250,0,0,2111,2360,2110,2359,2.75e-126,462.0
Z9853,OK375843.1,92.23,296,23,0,12892,13187,12891,13186,9.89e-126,460.0
Z9853,OK375843.1,95.455,264,12,0,8271,8534,8270,8533,3.58e-120,442.0
Z9853,OK375843.1,99.531,213,1,0,10036,10248,10035,10247,1.32e-104,390.0
Z9853,OK375843.1,100.0,207,0,0,1069,1275,1068,1274,2.20e-102,383.0
Z9853,OK375843.1,99.519,208,1,0,9075,9282,9074,9281,7.92e-102,381.0
Z9853,OK375843.1,99.412,170,0,1,838,1007,838,1006,1.36e-79,307.0
Z9853,OK375843.1,100.0,158,0,0,4184,4341,4183,4340,3.82e-75,292.0
Z9853,OK375843.1,100.0,154,0,0,8788,8941,8787,8940,6.39e-73,285.0
Z9853,OK375843.1,93.865,163,10,0,9807,9969,9806,9968,8.33e-67,265.0
Z9853,OK375843.1,100.0,114,0,0,13283,13396,13282,13395,1.10e-50,211.0
Z9853,OK375843.1,97.5,120,3,0,14266,14385,14265,14384,1.10e-50,211.0
Z9853,OK375843.1,100.0,98,0,0,12707,12804,12706,12803,8.63e-42,182.0
Z9853,OK375843.1,100.0,86,0,0,11434,11519,11433,11518,4.04e-35,159.0
Z9853,OK375843.1,100.0,79,0,0,8068,8146,8067,8145,3.15e-31,147.0
Z9853,OK375843.1,89.583,96,10,0,12435,12530,12434,12529,1.46e-29,141.0
Z9853,OK375843.1,100.0,75,0,0,2468,2542,2467,2541,5.27e-29,139.0
Z9853,OK375843.1,100.0,75,0,0,12593,12667,12592,12666,5.27e-29,139.0
Z9853,OK375843.1,100.0,69,0,0,12317,12385,12316,12384,1.14e-25,128.0
Z9853,OK375843.1,100.0,66,0,0,3524,3589,3523,3588,5.30e-24,122.0
Z9853,OK375843.1,100.0,64,0,0,2579,2642,2578,2641,6.86e-23,119.0
Z9853,OK375843.1,98.485,66,1,0,10699,10764,10698,10763,2.47e-22,117.0
Z9853,OK375843.1,100.0,51,0,0,8655,8705,8654,8704,1.16e-15,95.3
Z9853,OK375843.1,100.0,49,0,0,9331,9379,9330,9378,1.50e-14,91.6
Z9853,OK375843.1,100.0,49,0,0,10944,10992,10943,10991,1.50e-14,91.6
Z9853,OK375843.1,100.0,45,0,0,11288,11332,11287,11331,2.50e-12,84.2
Z9853,OK375843.1,100.0,44,0,0,5467,5510,5466,5509,9.00e-12,82.4
Z9853,OK375843.1,100.0,33,0,0,2693,2725,2692,2724,1.17e-05,62.1
Z9853,OQ674795.1,95.099,959,47,0,5838,6796,5308,6266,0.0,1592.0
Z9853,OQ674795.1,95.439,877,40,0,14477,15353,13947,14823,0.0,1471.0
Z9853,OQ674795.1,96.439,702,25,0,6838,7539,6308,7009,0.0,1205.0
Z9853,OQ674795.1,93.165,673,46,0,13462,14134,12932,13604,0.0,1072.0
Z9853,OQ674795.1,98.893,542,6,0,15782,16323,15252,15793,0.0,979.0
Z9853,OQ674795.1,95.652,506,22,0,11716,12221,11186,11691,0.0,854.0
Z9853,OQ674795.1,99.733,374,1,0,4431,4804,3901,4274,0.0,688.0
Z9853,OQ674795.1,94.258,418,24,0,3670,4087,3140,3557,0.0,684.0
Z9853,OQ674795.1,99.705,339,1,0,3144,3482,2614,2952,1.19e-174,623.0
Z9853,OQ674795.1,99.696,329,1,0,2774,3102,2244,2572,4.32e-169,604.0
Z9853,OQ674795.1,100.0,316,0,0,1358,1673,828,1143,5.63e-163,584.0
Z9853,OQ674795.1,93.75,352,22,0,9419,9770,8889,9240,1.58e-158,569.0
Z9853,OQ674795.1,95.745,329,14,0,5080,5408,4550,4878,1.23e-154,556.0
Z9853,OQ674795.1,87.313,402,51,0,7616,8017,7086,7487,1.59e-153,553.0
Z9853,OQ674795.1,99.016,305,3,0,15415,15719,14885,15189,1.59e-153,553.0
Z9853,OQ674795.1,100.0,274,0,0,10359,10632,9829,10102,1.25e-139,507.0
Z9853,OQ674795.1,99.625,267,1,0,1742,2008,1212,1478,1.26e-134,490.0
Z9853,OQ674795.1,100.0,250,0,0,2111,2360,1581,1830,2.75e-126,462.0
Z9853,OQ674795.1,92.23,296,23,0,12892,13187,12362,12657,9.89e-126,460.0
Z9853,OQ674795.1,95.455,264,12,0,8271,8534,7741,8004,3.58e-120,442.0
Z9853,OQ674795.1,99.531,213,1,0,10036,10248,9506,9718,1.32e-104,390.0
Z9853,OQ674795.1,96.218,238,7,1,534,769,3,240,4.74e-104,388.0
Z9853,OQ674795.1,100.0,207,0,0,1069,1275,539,745,2.20e-102,383.0
Z9853,OQ674795.1,99.519,208,1,0,9075,9282,8545,8752,7.92e-102,381.0
Z9853,OQ674795.1,100.0,199,0,0,333,531,16127,16325,6.17e-98,368.0
Z9853,OQ674795.1,99.412,170,0,1,838,1007,309,477,1.36e-79,307.0
Z9853,OQ674795.1,100.0,158,0,0,4184,4341,3654,3811,3.82e-75,292.0
Z9853,OQ674795.1,100.0,154,0,0,8788,8941,8258,8411,6.39e-73,285.0
Z9853,OQ674795.1,93.865,163,10,0,9807,9969,9277,9439,8.33e-67,265.0
Z9853,OQ674795.1,100.0,114,0,0,13283,13396,12753,12866,1.10e-50,211.0
Z9853,OQ674795.1,97.5,120,3,0,14266,14385,13736,13855,1.10e-50,211.0
Z9853,OQ674795.1,100.0,98,0,0,12707,12804,12177,12274,8.63e-42,182.0
Z9853,OQ674795.1,100.0,86,0,0,11434,11519,10904,10989,4.04e-35,159.0
Z9853,OQ674795.1,100.0,79,0,0,8068,8146,7538,7616,3.15e-31,147.0
Z9853,OQ674795.1,89.583,96,10,0,12435,12530,11905,12000,1.46e-29,141.0
Z9853,OQ674795.1,100.0,75,0,0,2468,2542,1938,2012,5.27e-29,139.0
Z9853,OQ674795.1,100.0,75,0,0,12593,12667,12063,12137,5.27e-29,139.0
Z9853,OQ674795.1,100.0,69,0,0,12317,12385,11787,11855,1.14e-25,128.0
Z9853,OQ674795.1,100.0,66,0,0,3524,3589,2994,3059,5.30e-24,122.0
Z9853,OQ674795.1,100.0,64,0,0,2579,2642,2049,2112,6.86e-23,119.0
Z9853,OQ674795.1,98.485,66,1,0,10699,10764,10169,10234,2.47e-22,117.0
Z9853,OQ674795.1,100.0,51,0,0,8655,8705,8125,8175,1.16e-15,95.3
Z9853,OQ674795.1,100.0,49,0,0,9331,9379,8801,8849,1.50e-14,91.6
Z9853,OQ674795.1,100.0,49,0,0,10944,10992,10414,10462,1.50e-14,91.6
Z9853,OQ674795.1,100.0,45,0,0,11288,11332,10758,10802,2.50e-12,84.2
Z9853,OQ674795.1,100.0,44,0,0,5467,5510,4937,4980,9.00e-12,82.4
Z9853,OQ674795.1,100.0,33,0,0,2693,2725,2163,2195,1.17e-05,62.1
Z9853,PP744587.1,95.099,959,47,0,5838,6796,4944,5902,0.0,1592.0
Z9853,PP744587.1,95.325,877,41,0,14477,15353,13583,14459,0.0,1465.0
Z9853,PP744587.1,96.439,702,25,0,6838,7539,5944,6645,0.0,1205.0
Z9853,PP744587.1,93.165,673,46,0,13462,14134,12568,13240,0.0,1072.0
Z9853,PP744587.1,98.893,542,6,0,15782,16323,14888,15429,0.0,979.0
Z9853,PP744587.1,95.652,506,22,0,11716,12221,10822,11327,0.0,854.0
Z9853,PP744587.1,100.0,437,0,0,333,769,15763,16199,0.0,808.0
Z9853,PP744587.1,99.733,374,1,0,4431,4804,3537,3910,0.0,688.0
Z9853,PP744587.1,94.258,418,24,0,3670,4087,2776,3193,0.0,684.0
Z9853,PP744587.1,99.705,339,1,0,3144,3482,2250,2588,1.19e-174,623.0
Z9853,PP744587.1,99.696,329,1,0,2774,3102,1880,2208,4.32e-169,604.0
Z9853,PP744587.1,100.0,316,0,0,1358,1673,464,779,5.63e-163,584.0
Z9853,PP744587.1,93.75,352,22,0,9419,9770,8525,8876,1.58e-158,569.0
Z9853,PP744587.1,95.745,329,14,0,5080,5408,4186,4514,1.23e-154,556.0
Z9853,PP744587.1,87.313,402,51,0,7616,8017,6722,7123,1.59e-153,553.0
Z9853,PP744587.1,99.016,305,3,0,15415,15719,14521,14825,1.59e-153,553.0
Z9853,PP744587.1,100.0,274,0,0,10359,10632,9465,9738,1.25e-139,507.0
Z9853,PP744587.1,99.625,267,1,0,1742,2008,848,1114,1.26e-134,490.0
Z9853,PP744587.1,100.0,250,0,0,2111,2360,1217,1466,2.75e-126,462.0
Z9853,PP744587.1,92.23,296,23,0,12892,13187,11998,12293,9.89e-126,460.0
Z9853,PP744587.1,95.455,264,12,0,8271,8534,7377,7640,3.58e-120,442.0
Z9853,PP744587.1,99.531,213,1,0,10036,10248,9142,9354,1.32e-104,390.0
Z9853,PP744587.1,100.0,207,0,0,1069,1275,175,381,2.20e-102,383.0
Z9853,PP744587.1,99.519,208,1,0,9075,9282,8181,8388,7.92e-102,381.0
Z9853,PP744587.1,100.0,158,0,0,4184,4341,3290,3447,3.82e-75,292.0
Z9853,PP744587.1,100.0,154,0,0,8788,8941,7894,8047,6.39e-73,285.0
Z9853,PP744587.1,93.865,163,10,0,9807,9969,8913,9075,8.33e-67,265.0
Z9853,PP744587.1,100.0,114,0,0,13283,13396,12389,12502,1.10e-50,211.0
Z9853,PP744587.1,97.5,120,3,0,14266,14385,13372,13491,1.10e-50,211.0
Z9853,PP744587.1,100.0,113,0,0,895,1007,1,113,3.96e-50,209.0
Z9853,PP744587.1,100.0,98,0,0,12707,12804,11813,11910,8.63e-42,182.0
Z9853,PP744587.1,100.0,86,0,0,11434,11519,10540,10625,4.04e-35,159.0
Z9853,PP744587.1,100.0,79,0,0,8068,8146,7174,7252,3.15e-31,147.0
Z9853,PP744587.1,89.583,96,10,0,12435,12530,11541,11636,1.46e-29,141.0
Z9853,PP744587.1,100.0,75,0,0,2468,2542,1574,1648,5.27e-29,139.0
Z9853,PP744587.1,100.0,75,0,0,12593,12667,11699,11773,5.27e-29,139.0
Z9853,PP744587.1,100.0,69,0,0,12317,12385,11423,11491,1.14e-25,128.0
Z9853,PP744587.1,100.0,66,0,0,3524,3589,2630,2695,5.30e-24,122.0
Z9853,PP744587.1,100.0,64,0,0,2579,2642,1685,1748,6.86e-23,119.0
Z9853,PP744587.1,98.485,66,1,0,10699,10764,9805,9870,2.47e-22,117.0
Z9853,PP744587.1,100.0,57,0,0,838,894,16268,16324,5.34e-19,106.0
Z9853,PP744587.1,100.0,51,0,0,8655,8705,7761,7811,1.16e-15,95.3
Z9853,PP744587.1,100.0,49,0,0,9331,9379,8437,8485,1.50e-14,91.6
Z9853,PP744587.1,100.0,49,0,0,10944,10992,10050,10098,1.50e-14,91.6
Z9853,PP744587.1,100.0,45,0,0,11288,11332,10394,10438,2.50e-12,84.2
Z9853,PP744587.1,100.0,44,0,0,5467,5510,4573,4616,9.00e-12,82.4
Z9853,PP744587.1,100.0,33,0,0,2693,2725,1799,1831,1.17e-05,62.1
Z9854,OK375689.1,99.988,16285,2,0,39,16323,39,16323,0.0,30066.0
Z9854,OK375711.1,99.988,16285,2,0,39,16323,39,16323,0.0,30066.0
Z9854,OK375699.1,99.988,16285,2,0,39,16323,39,16323,0.0,30066.0
Z9854,OK375717.1,99.988,16285,2,0,39,16323,39,16323,0.0,30066.0
Z9854,OK375856.1,99.988,16285,2,0,39,16323,39,16323,0.0,30066.0
Z9854,OK375760.1,99.988,16285,2,0,39,16323,39,16323,0.0,30066.0
Z9854,OK375835.1,99.988,16285,2,0,39,16323,39,16323,0.0,30066.0
Z9854,OK375843.1,99.988,16285,2,0,39,16323,39,16323,0.0,30066.0
Z9854,OK375729.1,99.988,16285,2,0,39,16323,39,16323,0.0,30066.0
Z9854,OK375737.1,99.988,16285,2,0,39,16323,39,16323,0.0,30066.0
Z9855,OK375509.1,99.704,10489,31,0,288,10776,289,10777,0.0,19256.0
Z9855,OK375509.1,99.51,5513,27,0,10809,16321,10810,16322,0.0,10080.0
Z9855,OK375509.1,99.398,166,0,1,36,200,36,201,2.28e-77,300.0
Z9855,GQ464270.1,99.704,10489,31,0,288,10776,288,10776,0.0,19256.0
Z9855,GQ464270.1,99.51,5513,27,0,10809,16321,10809,16321,0.0,10080.0
Z9855,GQ464270.1,100.0,165,0,0,36,200,36,200,4.91e-79,305.0
Z9855,OK375598.1,99.695,10489,32,0,288,10776,289,10777,0.0,19250.0
Z9855,OK375598.1,99.474,5513,29,0,10809,16321,10810,16322,0.0,10069.0
Z9855,OK375598.1,99.398,166,0,1,36,200,36,201,2.28e-77,300.0
Z9855,GQ464252.1,99.695,10489,32,0,288,10776,288,10776,0.0,19250.0
Z9855,GQ464252.1,99.474,5513,29,0,10809,16321,10809,16321,0.0,10069.0
Z9855,GQ464252.1,100.0,165,0,0,36,200,36,200,4.91e-79,305.0
Z9855,OK375627.1,99.695,10490,31,1,288,10776,289,10778,0.0,19250.0
Z9855,OK375627.1,99.51,5513,27,0,10809,16321,10811,16323,0.0,10080.0
Z9855,OK375627.1,99.398,166,0,1,36,200,36,201,2.28e-77,300.0
Z9855,OK375554.1,99.695,10490,31,1,288,10776,289,10778,0.0,19250.0
Z9855,OK375554.1,99.51,5513,27,0,10809,16321,10811,16323,0.0,10080.0
Z9855,OK375554.1,98.795,166,1,1,36,200,36,201,1.06e-75,294.0
Z9855,GQ464272.1,99.685,10489,33,0,288,10776,288,10776,0.0,19245.0
Z9855,GQ464272.1,99.51,5513,27,0,10809,16321,10809,16321,0.0,10080.0
Z9855,GQ464272.1,100.0,165,0,0,36,200,36,200,4.91e-79,305.0
Z9855,OK375730.1,99.685,10490,32,1,288,10776,289,10778,0.0,19245.0
Z9855,OK375730.1,99.474,5513,29,0,10809,16321,10811,16323,0.0,10069.0
Z9855,OK375730.1,99.398,166,0,1,36,200,36,201,2.28e-77,300.0
Z9855,OK375613.1,99.676,10490,33,1,288,10776,289,10778,0.0,19239.0
Z9855,OK375613.1,99.492,5513,28,0,10809,16321,10811,16323,0.0,10074.0
Z9855,OK375613.1,99.398,166,0,1,36,200,36,201,2.28e-77,300.0
Z9855,OK375624.1,99.666,10490,34,1,288,10776,289,10778,0.0,19233.0
Z9855,OK375624.1,99.51,5513,27,0,10809,16321,10811,16323,0.0,10080.0
Z9855,OK375624.1,99.398,166,0,1,36,200,36,201,2.28e-77,300.0
Z9856,OK375859.1,99.73,9273,25,0,2047,11319,2047,11319,0.0,17032.0
Z9856,OK375859.1,99.98,4938,1,0,11385,16322,11385,16322,0.0,9114.0
Z9856,OK375859.1,99.889,1798,2,0,218,2015,218,2015,0.0,3310.0
Z9856,OK375859.1,100.0,128,0,0,49,176,49,176,1.81e-58,237.0
Z9856,OK375851.1,99.73,9273,25,0,2047,11319,2047,11319,0.0,17032.0
Z9856,OK375851.1,99.98,4938,1,0,11385,16322,11385,16322,0.0,9114.0
Z9856,OK375851.1,99.833,1798,3,0,218,2015,218,2015,0.0,3304.0
Z9856,OK375851.1,100.0,128,0,0,49,176,49,176,1.81e-58,237.0
Z9856,OK375835.1,99.73,9273,25,0,2047,11319,2047,11319,0.0,17032.0
Z9856,OK375835.1,100.0,4938,0,0,11385,16322,11385,16322,0.0,9119.0
Z9856,OK375835.1,99.944,1798,1,0,218,2015,218,2015,0.0,3315.0
Z9856,OK375835.1,100.0,128,0,0,49,176,49,176,1.81e-58,237.0
Z9856,OK375848.1,99.73,9273,25,0,2047,11319,2047,11319,0.0,17032.0
Z9856,OK375848.1,100.0,4938,0,0,11385,16322,11385,16322,0.0,9119.0
Z9856,OK375848.1,99.889,1798,2,0,218,2015,218,2015,0.0,3310.0
Z9856,OK375848.1,100.0,128,0,0,49,176,49,176,1.81e-58,237.0
Z9856,OK375867.1,99.73,9273,25,0,2047,11319,2047,11319,0.0,17032.0
Z9856,OK375867.1,100.0,4938,0,0,11385,16322,11385,16322,0.0,9119.0
Z9856,OK375867.1,99.889,1798,2,0,218,2015,218,2015,0.0,3310.0
Z9856,OK375867.1,100.0,128,0,0,49,176,49,176,1.81e-58,237.0
Z9856,OK375834.1,99.73,9273,25,0,2047,11319,2048,11320,0.0,17032.0
Z9856,OK375834.1,100.0,4938,0,0,11385,16322,11386,16323,0.0,9119.0
Z9856,OK375834.1,99.833,1799,2,1,218,2015,218,2016,0.0,3304.0
Z9856,OK375834.1,100.0,128,0,0,49,176,49,176,1.81e-58,237.0
Z9856,OK375841.1,99.73,9273,25,0,2047,11319,2047,11319,0.0,17032.0
Z9856,OK375841.1,100.0,4938,0,0,11385,16322,11385,16322,0.0,9119.0
Z9856,OK375841.1,99.889,1798,2,0,218,2015,218,2015,0.0,3310.0
Z9856,OK375841.1,100.0,128,0,0,49,176,49,176,1.81e-58,237.0
Z9856,OK375843.1,99.73,9273,25,0,2047,11319,2047,11319,0.0,17032.0
Z9856,OK375843.1,100.0,4938,0,0,11385,16322,11385,16322,0.0,9119.0
Z9856,OK375843.1,99.944,1798,1,0,218,2015,218,2015,0.0,3315.0
Z9856,OK375843.1,100.0,128,0,0,49,176,49,176,1.81e-58,237.0
Z9856,OK375839.1,99.73,9273,25,0,2047,11319,2048,11320,0.0,17032.0
Z9856,OK375839.1,100.0,4938,0,0,11385,16322,11386,16323,0.0,9119.0
Z9856,OK375839.1,99.833,1799,2,1,218,2015,218,2016,0.0,3304.0
Z9856,OK375839.1,100.0,128,0,0,49,176,49,176,1.81e-58,237.0
Z9856,OQ674795.1,99.73,9273,25,0,2047,11319,1518,10790,0.0,17032.0
Z9856,OQ674795.1,100.0,4938,0,0,11385,16322,10856,15793,0.0,9119.0
Z9856,OQ674795.1,99.394,1484,7,1,534,2015,3,1486,0.0,2689.0
Z9856,OQ674795.1,99.682,314,1,0,218,531,16012,16325,3.39e-160,575.0
Z9856,OQ674795.1,100.0,128,0,0,49,176,15843,15970,1.81e-58,237.0
Z9857,MT576746.1,99.871,16339,21,0,1,16339,1,16339,0.0,30090.0
Z9857,MN714190.1,99.865,16339,22,0,1,16339,1,16339,0.0,30084.0
Z9857,MT576800.1,99.859,16339,23,0,1,16339,1,16339,0.0,30079.0
Z9857,MT576798.1,99.859,16339,23,0,1,16339,1,16339,0.0,30079.0
Z9857,DQ124379.1,99.859,16340,22,1,1,16339,1,16340,0.0,30079.0
Z9857,MT576732.1,99.859,16340,21,2,1,16339,1,16339,0.0,30079.0
Z9857,EU177832.1,99.859,16339,22,1,1,16339,1,16338,0.0,30077.0
Z9857,MN714184.1,99.859,16339,22,1,1,16339,1,16338,0.0,30077.0
Z9857,MT576756.1,99.859,16339,22,1,1,16339,1,16338,0.0,30077.0
Z9857,OQ924188.2,99.859,16339,20,3,1,16338,1,16337,0.0,30075.0
Z9858,OP598192.1,99.483,16260,84,0,64,16323,64,16323,0.0,29715.0
Z9858,OK375619.1,99.471,16260,86,0,64,16323,64,16323,0.0,29704.0
Z9858,OK375835.1,99.471,16260,86,0,64,16323,64,16323,0.0,29704.0
Z9858,OK375843.1,99.471,16260,86,0,64,16323,64,16323,0.0,29704.0
Z9858,OK375536.1,99.465,16260,87,0,64,16323,64,16323,0.0,29698.0
Z9858,OK375848.1,99.465,16260,87,0,64,16323,64,16323,0.0,29698.0
Z9858,OK375867.1,99.465,16260,87,0,64,16323,64,16323,0.0,29698.0
Z9858,OK375841.1,99.465,16260,87,0,64,16323,64,16323,0.0,29698.0
Z9858,OK375602.1,99.465,16260,87,0,64,16323,64,16323,0.0,29698.0
Z9858,OK375839.1,99.459,16261,87,1,64,16323,64,16324,0.0,29693.0
Z9859,OR766843.1,97.09,4742,138,0,300,5041,301,5042,0.0,8246.0
Z9859,OR766843.1,98.676,2795,37,0,5258,8052,5259,8053,0.0,5024.0
Z9859,OR766843.1,98.262,1669,29,0,8530,10198,8531,10199,0.0,2974.0
Z9859,OR766843.1,97.202,1537,43,0,14438,15974,14439,15975,0.0,2676.0
Z9859,OR766843.1,97.484,954,24,0,12945,13898,12946,13899,0.0,1674.0
Z9859,OR766843.1,96.581,819,28,0,10882,11700,10883,11701,0.0,1410.0
Z9859,OR766843.1,93.261,460,31,0,13936,14395,13937,14396,0.0,736.0
Z9859,OR766843.1,94.17,446,26,0,10290,10735,10291,10736,0.0,728.0
Z9859,OR766843.1,94.878,410,21,0,11736,12145,11737,12146,0.0,680.0
Z9859,OR766843.1,94.652,374,20,0,8099,8472,8100,8473,2.00e-172,616.0
Z9859,OR766843.1,99.676,309,1,0,12359,12667,12360,12668,2.04e-157,566.0
Z9859,OR766843.1,97.71,262,5,1,2,262,2,263,1.28e-124,457.0
Z9859,OR766843.1,99.495,198,1,0,12704,12901,12705,12902,1.03e-95,361.0
Z9859,OR766843.1,99.474,190,1,0,16125,16314,16126,16315,2.89e-91,346.0
Z9859,OR766843.1,100.0,142,0,0,12187,12328,12188,12329,3.00e-66,263.0
Z9859,OR766843.1,100.0,60,0,0,5087,5146,5088,5147,1.15e-20,111.0
Z9859,OR766843.1,96.825,63,2,0,16017,16079,16018,16080,5.35e-19,106.0
Z9859,OR766855.1,97.09,4742,138,0,300,5041,301,5042,0.0,8246.0
Z9859,OR766855.1,98.676,2795,37,0,5258,8052,5259,8053,0.0,5024.0
Z9859,OR766855.1,98.262,1669,29,0,8530,10198,8531,10199,0.0,2974.0
Z9859,OR766855.1,97.332,1537,41,0,14438,15974,14439,15975,0.0,2687.0
Z9859,OR766855.1,97.484,954,24,0,12945,13898,12946,13899,0.0,1674.0
Z9859,OR766855.1,96.581,819,28,0,10882,11700,10883,11701,0.0,1410.0
Z9859,OR766855.1,93.261,460,31,0,13936,14395,13937,14396,0.0,736.0
Z9859,OR766855.1,94.17,446,26,0,10290,10735,10291,10736,0.0,728.0
Z9859,OR766855.1,94.878,410,21,0,11736,12145,11737,12146,0.0,680.0
Z9859,OR766855.1,94.652,374,20,0,8099,8472,8100,8473,2.00e-172,616.0
Z9859,OR766855.1,99.676,309,1,0,12359,12667,12360,12668,2.04e-157,566.0
Z9859,OR766855.1,98.092,262,4,1,2,262,2,263,2.75e-126,462.0
Z9859,OR766855.1,100.0,198,0,0,12704,12901,12705,12902,2.22e-97,366.0
Z9859,OR766855.1,99.474,190,1,0,16125,16314,16126,16315,2.89e-91,346.0
Z9859,OR766855.1,100.0,142,0,0,12187,12328,12188,12329,3.00e-66,263.0
Z9859,OR766855.1,98.413,63,1,0,16017,16079,16018,16080,1.15e-20,111.0
Z9859,OR766855.1,98.333,60,1,0,5087,5146,5088,5147,5.35e-19,106.0
Z9859,OQ513038.1,97.111,4742,136,1,300,5041,301,5041,0.0,8246.0
Z9859,OQ513038.1,98.676,2795,37,0,5258,8052,5258,8052,0.0,5024.0
Z9859,OQ513038.1,98.262,1669,29,0,8530,10198,8530,10198,0.0,2974.0
Z9859,OQ513038.1,97.332,1537,41,0,14438,15974,14438,15974,0.0,2687.0
Z9859,OQ513038.1,97.484,954,24,0,12945,13898,12945,13898,0.0,1674.0
Z9859,OQ513038.1,96.581,819,28,0,10882,11700,10882,11700,0.0,1410.0
Z9859,OQ513038.1,93.261,460,31,0,13936,14395,13936,14395,0.0,736.0
Z9859,OQ513038.1,94.17,446,26,0,10290,10735,10290,10735,0.0,728.0
Z9859,OQ513038.1,94.878,410,21,0,11736,12145,11736,12145,0.0,680.0
Z9859,OQ513038.1,94.652,374,20,0,8099,8472,8099,8472,2.00e-172,616.0
Z9859,OQ513038.1,100.0,309,0,0,12359,12667,12359,12667,4.38e-159,571.0
Z9859,OQ513038.1,98.092,262,4,1,2,262,2,263,2.75e-126,462.0
Z9859,OQ513038.1,100.0,198,0,0,12704,12901,12704,12901,2.22e-97,366.0
Z9859,OQ513038.1,98.947,190,2,0,16125,16314,16125,16314,1.35e-89,340.0
Z9859,OQ513038.1,100.0,142,0,0,12187,12328,12187,12328,3.00e-66,263.0
Z9859,OQ513038.1,100.0,60,0,0,5087,5146,5087,5146,1.15e-20,111.0
Z9859,OQ513038.1,98.413,63,1,0,16017,16079,16017,16079,1.15e-20,111.0
Z9859,OR766861.1,97.069,4742,139,0,300,5041,301,5042,0.0,8240.0
Z9859,OR766861.1,98.64,2795,38,0,5258,8052,5259,8053,0.0,5018.0
Z9859,OR766861.1,98.262,1669,29,0,8530,10198,8531,10199,0.0,2974.0
Z9859,OR766861.1,97.332,1537,41,0,14438,15974,14439,15975,0.0,2687.0
Z9859,OR766861.1,97.484,954,24,0,12945,13898,12946,13899,0.0,1674.0
Z9859,OR766861.1,96.581,819,28,0,10882,11700,10883,11701,0.0,1410.0
Z9859,OR766861.1,93.261,460,31,0,13936,14395,13937,14396,0.0,736.0
Z9859,OR766861.1,94.17,446,26,0,10290,10735,10291,10736,0.0,728.0
Z9859,OR766861.1,94.878,410,21,0,11736,12145,11737,12146,0.0,680.0
Z9859,OR766861.1,94.652,374,20,0,8099,8472,8100,8473,2.00e-172,616.0
Z9859,OR766861.1,100.0,309,0,0,12359,12667,12360,12668,4.38e-159,571.0
Z9859,OR766861.1,97.71,262,5,1,2,262,2,263,5.96e-123,451.0
Z9859,OR766861.1,100.0,198,0,0,12704,12901,12705,12902,2.22e-97,366.0
Z9859,OR766861.1,98.947,190,2,0,16125,16314,16126,16315,1.35e-89,340.0
Z9859,OR766861.1,100.0,142,0,0,12187,12328,12188,12329,3.00e-66,263.0
Z9859,OR766861.1,100.0,60,0,0,5087,5146,5088,5147,1.15e-20,111.0
Z9859,OR766861.1,96.825,63,2,0,16017,16079,16018,16080,5.35e-19,106.0
Z9859,OR766838.1,97.069,4742,139,0,300,5041,301,5042,0.0,8240.0
Z9859,OR766838.1,98.64,2795,38,0,5258,8052,5259,8053,0.0,5018.0
Z9859,OR766838.1,98.262,1669,29,0,8530,10198,8531,10199,0.0,2974.0
Z9859,OR766838.1,97.267,1537,42,0,14438,15974,14439,15975,0.0,2682.0
Z9859,OR766838.1,97.484,954,24,0,12945,13898,12946,13899,0.0,1674.0
Z9859,OR766838.1,96.581,819,28,0,10882,11700,10883,11701,0.0,1410.0
Z9859,OR766838.1,93.261,460,31,0,13936,14395,13937,14396,0.0,736.0
Z9859,OR766838.1,94.17,446,26,0,10290,10735,10291,10736,0.0,728.0
Z9859,OR766838.1,94.878,410,21,0,11736,12145,11737,12146,0.0,680.0
Z9859,OR766838.1,94.652,374,20,0,8099,8472,8100,8473,2.00e-172,616.0
Z9859,OR766838.1,100.0,309,0,0,12359,12667,12360,12668,4.38e-159,571.0
Z9859,OR766838.1,98.092,262,4,1,2,262,2,263,2.75e-126,462.0
Z9859,OR766838.1,100.0,198,0,0,12704,12901,12705,12902,2.22e-97,366.0
Z9859,OR766838.1,99.474,190,1,0,16125,16314,16126,16315,2.89e-91,346.0
Z9859,OR766838.1,100.0,142,0,0,12187,12328,12188,12329,3.00e-66,263.0
Z9859,OR766838.1,100.0,60,0,0,5087,5146,5088,5147,1.15e-20,111.0
Z9859,OR766838.1,98.413,63,1,0,16017,16079,16018,16080,1.15e-20,111.0
Z9859,OR766848.1,97.069,4742,139,0,300,5041,301,5042,0.0,8239.0
Z9859,OR766848.1,98.676,2795,37,0,5258,8052,5259,8053,0.0,5024.0
Z9859,OR766848.1,98.262,1669,29,0,8530,10198,8531,10199,0.0,2974.0
Z9859,OR766848.1,97.267,1537,42,0,14438,15974,14439,15975,0.0,2682.0
Z9859,OR766848.1,97.379,954,25,0,12945,13898,12946,13899,0.0,1668.0
Z9859,OR766848.1,96.581,819,28,0,10882,11700,10883,11701,0.0,1410.0
Z9859,OR766848.1,93.261,460,31,0,13936,14395,13937,14396,0.0,736.0
Z9859,OR766848.1,94.17,446,26,0,10290,10735,10291,10736,0.0,728.0
Z9859,OR766848.1,94.634,410,22,0,11736,12145,11737,12146,0.0,675.0
Z9859,OR766848.1,94.652,374,20,0,8099,8472,8100,8473,2.00e-172,616.0
Z9859,OR766848.1,100.0,309,0,0,12359,12667,12360,12668,4.38e-159,571.0
Z9859,OR766848.1,98.092,262,4,1,2,262,2,263,2.75e-126,462.0
Z9859,OR766848.1,100.0,198,0,0,12704,12901,12705,12902,2.22e-97,366.0
Z9859,OR766848.1,99.474,190,1,0,16125,16314,16126,16315,2.89e-91,346.0
Z9859,OR766848.1,100.0,142,0,0,12187,12328,12188,12329,3.00e-66,263.0
Z9859,OR766848.1,100.0,60,0,0,5087,5146,5088,5147,1.15e-20,111.0
Z9859,OR766848.1,98.413,63,1,0,16017,16079,16018,16080,1.15e-20,111.0
Z9859,OQ513044.1,97.069,4743,138,1,300,5041,301,5043,0.0,8239.0
Z9859,OQ513044.1,98.676,2795,37,0,5258,8052,5260,8054,0.0,5024.0
Z9859,OQ513044.1,98.262,1669,29,0,8530,10198,8532,10200,0.0,2974.0
Z9859,OQ513044.1,97.332,1537,41,0,14438,15974,14440,15976,0.0,2687.0
Z9859,OQ513044.1,97.484,954,24,0,12945,13898,12947,13900,0.0,1674.0
Z9859,OQ513044.1,96.581,819,28,0,10882,11700,10884,11702,0.0,1410.0
Z9859,OQ513044.1,93.261,460,31,0,13936,14395,13938,14397,0.0,736.0
Z9859,OQ513044.1,94.17,446,26,0,10290,10735,10292,10737,0.0,728.0
Z9859,OQ513044.1,94.634,410,22,0,11736,12145,11738,12147,0.0,675.0
Z9859,OQ513044.1,94.652,374,20,0,8099,8472,8101,8474,2.00e-172,616.0
Z9859,OQ513044.1,100.0,309,0,0,12359,12667,12361,12669,4.38e-159,571.0
Z9859,OQ513044.1,98.092,262,4,1,2,262,2,263,2.75e-126,462.0
Z9859,OQ513044.1,100.0,198,0,0,12704,12901,12706,12903,2.22e-97,366.0
Z9859,OQ513044.1,98.947,190,2,0,16125,16314,16127,16316,1.35e-89,340.0
Z9859,OQ513044.1,100.0,142,0,0,12187,12328,12189,12330,3.00e-66,263.0
Z9859,OQ513044.1,100.0,60,0,0,5087,5146,5089,5148,1.15e-20,111.0
Z9859,OQ513044.1,98.413,63,1,0,16017,16079,16019,16081,1.15e-20,111.0
Z9859,OQ513032.1,97.069,4742,138,1,300,5041,300,5040,0.0,8235.0
Z9859,OQ513032.1,98.676,2795,37,0,5258,8052,5257,8051,0.0,5024.0
Z9859,OQ513032.1,98.262,1669,29,0,8530,10198,8529,10197,0.0,2974.0
Z9859,OQ513032.1,97.332,1537,41,0,14438,15974,14437,15973,0.0,2687.0
Z9859,OQ513032.1,97.484,954,24,0,12945,13898,12944,13897,0.0,1674.0
Z9859,OQ513032.1,96.581,819,28,0,10882,11700,10881,11699,0.0,1410.0
Z9859,OQ513032.1,93.261,460,31,0,13936,14395,13935,14394,0.0,736.0
Z9859,OQ513032.1,94.17,446,26,0,10290,10735,10289,10734,0.0,728.0
Z9859,OQ513032.1,94.878,410,21,0,11736,12145,11735,12144,0.0,680.0
Z9859,OQ513032.1,94.652,374,20,0,8099,8472,8098,8471,2.00e-172,616.0
Z9859,OQ513032.1,100.0,309,0,0,12359,12667,12358,12666,4.38e-159,571.0
Z9859,OQ513032.1,98.467,261,4,0,2,262,2,262,5.92e-128,468.0
Z9859,OQ513032.1,100.0,195,0,0,12704,12898,12703,12897,1.03e-95,361.0
Z9859,OQ513032.1,98.947,190,2,0,16125,16314,16124,16313,1.35e-89,340.0
Z9859,OQ513032.1,100.0,142,0,0,12187,12328,12186,12327,3.00e-66,263.0
Z9859,OQ513032.1,100.0,60,0,0,5087,5146,5086,5145,1.15e-20,111.0
Z9859,OQ513032.1,98.413,63,1,0,16017,16079,16016,16078,1.15e-20,111.0
Z9859,OR766852.1,97.048,4742,140,0,300,5041,301,5042,0.0,8235.0
Z9859,OR766852.1,98.676,2795,37,0,5258,8052,5259,8053,0.0,5024.0
Z9859,OR766852.1,98.262,1669,29,0,8530,10198,8531,10199,0.0,2974.0
Z9859,OR766852.1,97.332,1537,41,0,14438,15974,14439,15975,0.0,2687.0
Z9859,OR766852.1,97.484,954,24,0,12945,13898,12946,13899,0.0,1674.0
Z9859,OR766852.1,96.581,819,28,0,10882,11700,10883,11701,0.0,1410.0
Z9859,OR766852.1,93.261,460,31,0,13936,14395,13937,14396,0.0,736.0
Z9859,OR766852.1,93.946,446,27,0,10290,10735,10291,10736,0.0,723.0
Z9859,OR766852.1,94.878,410,21,0,11736,12145,11737,12146,0.0,680.0
Z9859,OR766852.1,94.652,374,20,0,8099,8472,8100,8473,2.00e-172,616.0
Z9859,OR766852.1,100.0,309,0,0,12359,12667,12360,12668,4.38e-159,571.0
Z9859,OR766852.1,97.71,262,5,1,2,262,2,263,1.28e-124,457.0
Z9859,OR766852.1,100.0,198,0,0,12704,12901,12705,12902,2.22e-97,366.0
Z9859,OR766852.1,99.474,190,1,0,16125,16314,16126,16315,2.89e-91,346.0
Z9859,OR766852.1,100.0,142,0,0,12187,12328,12188,12329,3.00e-66,263.0
Z9859,OR766852.1,100.0,60,0,0,5087,5146,5088,5147,1.15e-20,111.0
Z9859,OR766852.1,98.413,63,1,0,16017,16079,16018,16080,1.15e-20,111.0
Z9859,LC880087.1,97.071,4678,137,0,364,5041,1,4678,0.0,8131.0
Z9859,LC880087.1,98.676,2795,37,0,5258,8052,4895,7689,0.0,5024.0
Z9859,LC880087.1,98.203,1669,30,0,8530,10198,8167,9835,0.0,2968.0
Z9859,LC880087.1,97.267,1537,42,0,14438,15974,14075,15611,0.0,2682.0
Z9859,LC880087.1,97.484,954,24,0,12945,13898,12582,13535,0.0,1674.0
Z9859,LC880087.1,96.581,819,28,0,10882,11700,10519,11337,0.0,1410.0
Z9859,LC880087.1,93.261,460,31,0,13936,14395,13573,14032,0.0,736.0
Z9859,LC880087.1,93.946,446,27,0,10290,10735,9927,10372,0.0,723.0
Z9859,LC880087.1,94.878,410,21,0,11736,12145,11373,11782,0.0,680.0
Z9859,LC880087.1,94.652,374,20,0,8099,8472,7736,8109,2.00e-172,616.0
Z9859,LC880087.1,100.0,309,0,0,12359,12667,11996,12304,4.38e-159,571.0
Z9859,LC880087.1,97.701,261,6,0,2,262,15978,16238,1.28e-124,457.0
Z9859,LC880087.1,100.0,198,0,0,12704,12901,12341,12538,2.22e-97,366.0
Z9859,LC880087.1,98.947,190,2,0,16125,16314,15762,15951,1.35e-89,340.0
Z9859,LC880087.1,100.0,142,0,0,12187,12328,11824,11965,3.00e-66,263.0
Z9859,LC880087.1,100.0,65,0,0,300,364,16276,16340,1.91e-23,121.0
Z9859,LC880087.1,100.0,60,0,0,5087,5146,4724,4783,1.15e-20,111.0
Z9859,LC880087.1,98.413,63,1,0,16017,16079,15654,15716,1.15e-20,111.0
Z9860,MT576802.1,99.818,15975,29,0,1,15975,1,15975,0.0,29385.0
Z9860,MT576802.1,99.661,295,1,0,16046,16340,16046,16340,1.24e-149,540.0
Z9860,DQ124381.1,99.818,15975,29,0,1,15975,1,15975,0.0,29383.0
Z9860,DQ124381.1,99.322,295,2,0,16046,16340,16046,16340,5.75e-148,534.0
Z9860,DQ124388.1,99.818,15975,29,0,1,15975,1,15975,0.0,29383.0
Z9860,DQ124388.1,98.983,295,3,0,16046,16340,16046,16340,2.68e-146,529.0
Z9860,MZ901395.1,99.812,15975,30,0,1,15975,1,15975,0.0,29379.0
Z9860,MZ901395.1,99.661,295,1,0,16046,16340,16046,16340,1.24e-149,540.0
Z9860,OQ512992.1,99.812,15975,30,0,1,15975,1,15975,0.0,29377.0
Z9860,OQ512992.1,98.305,295,5,0,16046,16340,16046,16340,5.79e-143,518.0
Z9860,DQ124380.1,99.812,15975,30,0,1,15975,1,15975,0.0,29377.0
Z9860,DQ124380.1,99.661,295,1,0,16046,16340,16046,16340,1.24e-149,540.0
Z9860,DQ124373.1,99.806,15975,31,0,1,15975,1,15975,0.0,29372.0
Z9860,DQ124373.1,98.644,295,4,0,16046,16340,16046,16340,1.25e-144,523.0
Z9860,MZ901641.1,99.806,15975,31,0,1,15975,1,15975,0.0,29372.0
Z9860,MZ901641.1,99.322,295,2,0,16046,16340,16046,16340,5.75e-148,534.0
Z9860,DQ124379.1,99.806,15975,31,0,1,15975,1,15975,0.0,29372.0
Z9860,DQ124379.1,98.983,295,3,0,16046,16340,16046,16340,2.68e-146,529.0
Z9860,DQ124382.1,99.8,15975,32,0,1,15975,1,15975,0.0,29368.0
Z9860,DQ124382.1,99.661,295,1,0,16046,16340,16046,16340,1.24e-149,540.0
Z9861,MN200883.1,99.575,15984,68,0,1,15984,1,15984,0.0,29263.0
Z9861,MN200883.1,99.095,221,2,0,16118,16338,16118,16338,7.87e-107,398.0
Z9861,MT576750.1,99.575,15984,68,0,1,15984,1,15984,0.0,29263.0
Z9861,MT576750.1,100.0,221,0,0,16118,16338,16118,16338,3.64e-110,409.0
Z9861,MT576753.1,99.568,15984,69,0,1,15984,1,15984,0.0,29259.0
Z9861,MT576753.1,100.0,221,0,0,16118,16338,16118,16338,3.64e-110,409.0
Z9861,MT576794.1,99.568,15984,69,0,1,15984,1,15984,0.0,29257.0
Z9861,MT576794.1,100.0,221,0,0,16118,16338,16118,16338,3.64e-110,409.0
Z9861,MT576746.1,99.568,15985,68,1,1,15984,1,15985,0.0,29257.0
Z9861,MT576746.1,100.0,221,0,0,16118,16338,16119,16339,3.64e-110,409.0
Z9861,MN714184.1,99.568,15985,67,2,1,15984,1,15984,0.0,29255.0
Z9861,MN714184.1,100.0,221,0,0,16118,16338,16118,16338,3.64e-110,409.0
Z9861,MN200923.1,99.562,15984,70,0,1,15984,1,15984,0.0,29255.0
Z9861,MN200923.1,99.095,221,2,0,16118,16338,16118,16338,7.87e-107,398.0
Z9861,MT576743.1,99.562,15985,69,1,1,15984,1,15985,0.0,29252.0
Z9861,MT576743.1,100.0,221,0,0,16118,16338,16119,16339,3.64e-110,409.0
Z9861,MN714190.1,99.562,15985,69,1,1,15984,1,15985,0.0,29252.0
Z9861,MN714190.1,100.0,221,0,0,16118,16338,16119,16339,3.64e-110,409.0
Z9861,MN714177.1,99.562,15984,70,0,1,15984,1,15984,0.0,29252.0
Z9861,MN714177.1,100.0,221,0,0,16118,16338,16118,16338,3.64e-110,409.0
Z9863,OK375835.1,99.826,16105,27,1,220,16324,220,16323,0.0,29632.0
Z9863,OK375835.1,100.0,150,0,0,36,185,36,185,1.07e-70,278.0
Z9863,OK375843.1,99.826,16105,27,1,220,16324,220,16323,0.0,29632.0
Z9863,OK375843.1,100.0,150,0,0,36,185,36,185,1.07e-70,278.0
Z9863,OK375831.1,99.82,16105,28,1,220,16324,220,16323,0.0,29626.0
Z9863,OK375831.1,100.0,150,0,0,36,185,36,185,1.07e-70,278.0
Z9863,OK375848.1,99.82,16105,28,1,220,16324,220,16323,0.0,29626.0
Z9863,OK375848.1,100.0,150,0,0,36,185,36,185,1.07e-70,278.0
Z9863,OK375867.1,99.82,16105,28,1,220,16324,220,16323,0.0,29626.0
Z9863,OK375867.1,100.0,150,0,0,36,185,36,185,1.07e-70,278.0
Z9863,OK375841.1,99.82,16105,28,1,220,16324,220,16323,0.0,29626.0
Z9863,OK375841.1,100.0,150,0,0,36,185,36,185,1.07e-70,278.0
Z9863,OK375824.1,99.82,16105,28,1,220,16324,220,16323,0.0,29626.0
Z9863,OK375824.1,100.0,150,0,0,36,185,36,185,1.07e-70,278.0
Z9863,OK375829.1,99.82,16105,28,1,220,16324,220,16323,0.0,29626.0
Z9863,OK375829.1,100.0,150,0,0,36,185,36,185,1.07e-70,278.0
Z9863,OK375834.1,99.814,16106,28,2,220,16324,220,16324,0.0,29623.0
Z9863,OK375834.1,100.0,150,0,0,36,185,36,185,1.07e-70,278.0
Z9863,OK375839.1,99.814,16106,28,2,220,16324,220,16324,0.0,29623.0
Z9863,OK375839.1,100.0,150,0,0,36,185,36,185,1.07e-70,278.0
Z9864,EU177827.1,99.588,4856,20,0,313,5168,313,5168,0.0,8890.0
Z9864,EU177827.1,99.538,3248,15,0,5244,8491,5244,8491,0.0,5943.0
Z9864,EU177827.1,98.96,2499,26,0,11746,14244,11746,14244,0.0,4514.0
Z9864,EU177827.1,99.762,1681,4,0,8522,10202,8522,10202,0.0,3090.0
Z9864,EU177827.1,100.0,1593,0,0,14302,15894,14302,15894,0.0,2942.0
Z9864,EU177827.1,97.94,1456,30,0,10257,11712,10257,11712,0.0,2573.0
Z9864,EU177827.1,98.78,246,3,0,16094,16339,16094,16339,4.64e-119,438.0
Z9864,EU177827.1,100.0,168,0,0,1,168,1,168,1.06e-80,311.0
Z9864,EU177827.1,98.387,62,1,0,206,267,206,267,1.15e-20,111.0
Z9864,EU177827.1,100.0,58,0,0,15934,15991,15934,15991,1.49e-19,108.0
Z9864,PP780079.1,99.588,4856,20,0,313,5168,313,5168,0.0,8890.0
Z9864,PP780079.1,99.538,3248,15,0,5244,8491,5244,8491,0.0,5943.0
Z9864,PP780079.1,98.96,2499,26,0,11746,14244,11746,14244,0.0,4514.0
Z9864,PP780079.1,99.762,1681,4,0,8522,10202,8522,10202,0.0,3090.0
Z9864,PP780079.1,100.0,1593,0,0,14302,15894,14302,15894,0.0,2942.0
Z9864,PP780079.1,98.008,1456,29,0,10257,11712,10257,11712,0.0,2579.0
Z9864,PP780079.1,98.374,246,4,0,16094,16339,16094,16339,2.16e-117,433.0
Z9864,PP780079.1,100.0,168,0,0,1,168,1,168,1.06e-80,311.0
Z9864,PP780079.1,98.387,62,1,0,206,267,206,267,1.15e-20,111.0
Z9864,PP780079.1,100.0,58,0,0,15934,15991,15934,15991,1.49e-19,108.0
Z9864,EU177834.1,99.588,4856,19,1,313,5168,312,5166,0.0,8889.0
Z9864,EU177834.1,99.507,3248,16,0,5244,8491,5242,8489,0.0,5938.0
Z9864,EU177834.1,98.96,2499,26,0,11746,14244,11744,14242,0.0,4514.0
Z9864,EU177834.1,99.762,1681,4,0,8522,10202,8520,10200,0.0,3090.0
Z9864,EU177834.1,100.0,1593,0,0,14302,15894,14300,15892,0.0,2942.0
Z9864,EU177834.1,98.008,1456,29,0,10257,11712,10255,11710,0.0,2579.0
Z9864,EU177834.1,99.593,246,1,0,16094,16339,16092,16337,5.96e-123,451.0
Z9864,EU177834.1,100.0,170,0,0,1,170,1,170,8.16e-82,315.0
Z9864,EU177834.1,96.774,62,1,1,206,267,206,266,1.92e-18,104.0
Z9864,EU177834.1,98.276,58,1,0,15934,15991,15932,15989,6.92e-18,102.0
Z9864,EU177833.1,99.588,4856,19,1,313,5168,312,5166,0.0,8889.0
Z9864,EU177833.1,99.507,3248,16,0,5244,8491,5242,8489,0.0,5938.0
Z9864,EU177833.1,98.96,2499,26,0,11746,14244,11744,14242,0.0,4514.0
Z9864,EU177833.1,99.762,1681,4,0,8522,10202,8520,10200,0.0,3090.0
Z9864,EU177833.1,100.0,1593,0,0,14302,15894,14300,15892,0.0,2942.0
Z9864,EU177833.1,98.008,1456,29,0,10257,11712,10255,11710,0.0,2579.0
Z9864,EU177833.1,100.0,246,0,0,16094,16339,16092,16337,4.61e-124,455.0
Z9864,EU177833.1,100.0,170,0,0,1,170,1,170,8.16e-82,315.0
Z9864,EU177833.1,96.774,62,1,1,206,267,206,266,1.92e-18,104.0
Z9864,EU177833.1,98.276,58,1,0,15934,15991,15932,15989,6.92e-18,102.0
Z9864,MZ901482.1,99.588,4856,19,1,313,5168,312,5166,0.0,8889.0
Z9864,MZ901482.1,99.538,3248,15,0,5244,8491,5242,8489,0.0,5943.0
Z9864,MZ901482.1,99.04,2499,24,0,11746,14244,11744,14242,0.0,4525.0
Z9864,MZ901482.1,99.762,1681,4,0,8522,10202,8520,10200,0.0,3090.0
Z9864,MZ901482.1,99.874,1593,2,0,14302,15894,14300,15892,0.0,2931.0
Z9864,MZ901482.1,98.008,1456,29,0,10257,11712,10255,11710,0.0,2579.0
Z9864,MZ901482.1,100.0,246,0,0,16094,16339,16092,16337,4.61e-124,455.0
Z9864,MZ901482.1,100.0,170,0,0,1,170,1,170,8.16e-82,315.0
Z9864,MZ901482.1,100.0,58,0,0,15934,15991,15932,15989,1.49e-19,108.0
Z9864,MZ901482.1,96.774,62,1,1,206,267,206,266,1.92e-18,104.0
Z9864,OQ512990.1,99.568,4856,21,0,313,5168,312,5167,0.0,8887.0
Z9864,OQ512990.1,99.538,3248,15,0,5244,8491,5243,8490,0.0,5943.0
Z9864,OQ512990.1,99.08,2499,23,0,11746,14244,11745,14243,0.0,4530.0
Z9864,OQ512990.1,99.762,1681,4,0,8522,10202,8521,10201,0.0,3090.0
Z9864,OQ512990.1,100.0,1593,0,0,14302,15894,14301,15893,0.0,2942.0
Z9864,OQ512990.1,98.008,1456,29,0,10257,11712,10256,11711,0.0,2579.0
Z9864,OQ512990.1,99.593,246,1,0,16094,16339,16093,16338,2.14e-122,449.0
Z9864,OQ512990.1,100.0,170,0,0,1,170,1,170,8.16e-82,315.0
Z9864,OQ512990.1,100.0,58,0,0,15934,15991,15933,15990,1.49e-19,108.0
Z9864,OQ512990.1,96.774,62,1,1,206,267,206,266,1.92e-18,104.0
Z9864,GQ129207.1,99.568,4856,21,0,313,5168,313,5168,0.0,8885.0
Z9864,GQ129207.1,99.538,3248,15,0,5244,8491,5244,8491,0.0,5943.0
Z9864,GQ129207.1,99.08,2499,23,0,11746,14244,11746,14244,0.0,4530.0
Z9864,GQ129207.1,99.762,1681,4,0,8522,10202,8522,10202,0.0,3090.0
Z9864,GQ129207.1,100.0,1593,0,0,14302,15894,14302,15894,0.0,2942.0
Z9864,GQ129207.1,98.008,1456,29,0,10257,11712,10257,11712,0.0,2579.0
Z9864,GQ129207.1,99.593,246,1,0,16094,16339,16094,16339,2.14e-122,449.0
Z9864,GQ129207.1,100.0,165,0,0,1,165,1,165,4.91e-79,305.0
Z9864,GQ129207.1,98.387,62,1,0,206,267,206,267,1.15e-20,111.0
Z9864,GQ129207.1,100.0,58,0,0,15934,15991,15934,15991,1.49e-19,108.0
Z9864,OQ512994.1,99.568,4856,21,0,313,5168,312,5167,0.0,8885.0
Z9864,OQ512994.1,99.538,3248,15,0,5244,8491,5243,8490,0.0,5943.0
Z9864,OQ512994.1,99.08,2499,23,0,11746,14244,11745,14243,0.0,4530.0
Z9864,OQ512994.1,99.762,1681,4,0,8522,10202,8521,10201,0.0,3090.0
Z9864,OQ512994.1,100.0,1593,0,0,14302,15894,14301,15893,0.0,2942.0
Z9864,OQ512994.1,98.008,1456,29,0,10257,11712,10256,11711,0.0,2579.0
Z9864,OQ512994.1,99.593,246,1,0,16094,16339,16093,16338,2.14e-122,449.0
Z9864,OQ512994.1,100.0,170,0,0,1,170,1,170,8.16e-82,315.0
Z9864,OQ512994.1,100.0,58,0,0,15934,15991,15933,15990,1.49e-19,108.0
Z9864,OQ512994.1,96.774,62,1,1,206,267,206,266,1.92e-18,104.0
Z9864,OQ512993.1,99.568,4856,21,0,313,5168,312,5167,0.0,8885.0
Z9864,OQ512993.1,99.538,3248,15,0,5244,8491,5243,8490,0.0,5943.0
Z9864,OQ512993.1,99.08,2499,23,0,11746,14244,11745,14243,0.0,4530.0
Z9864,OQ512993.1,99.762,1681,4,0,8522,10202,8521,10201,0.0,3090.0
Z9864,OQ512993.1,100.0,1593,0,0,14302,15894,14301,15893,0.0,2942.0
Z9864,OQ512993.1,98.008,1456,29,0,10257,11712,10256,11711,0.0,2579.0
Z9864,OQ512993.1,99.593,246,1,0,16094,16339,16093,16338,2.14e-122,449.0
Z9864,OQ512993.1,100.0,170,0,0,1,170,1,170,8.16e-82,315.0
Z9864,OQ512993.1,100.0,58,0,0,15934,15991,15933,15990,1.49e-19,108.0
Z9864,OQ512993.1,96.774,62,1,1,206,267,206,266,1.92e-18,104.0
Z9864,OQ513044.1,99.568,4856,21,0,313,5168,313,5168,0.0,8885.0
Z9864,OQ513044.1,99.538,3248,15,0,5244,8491,5244,8491,0.0,5943.0
Z9864,OQ513044.1,99.04,2499,24,0,11746,14244,11746,14244,0.0,4525.0
Z9864,OQ513044.1,99.762,1681,4,0,8522,10202,8522,10202,0.0,3090.0
Z9864,OQ513044.1,100.0,1593,0,0,14302,15894,14302,15894,0.0,2942.0
Z9864,OQ513044.1,98.008,1456,29,0,10257,11712,10257,11712,0.0,2579.0
Z9864,OQ513044.1,99.187,246,2,0,16094,16339,16094,16339,9.97e-121,444.0
Z9864,OQ513044.1,100.0,170,0,0,1,170,1,170,8.16e-82,315.0
Z9864,OQ513044.1,98.387,62,1,0,206,267,206,267,1.15e-20,111.0
Z9864,OQ513044.1,100.0,58,0,0,15934,15991,15934,15991,1.49e-19,108.0
Z9865,OQ512990.1,96.272,1958,73,0,8240,10197,8241,10198,0.0,3347.0
Z9865,OQ512990.1,97.385,1874,49,0,13941,15814,13942,15815,0.0,3277.0
Z9865,OQ512990.1,97.739,1769,39,1,311,2078,311,2079,0.0,3112.0
Z9865,OQ512990.1,99.821,1676,3,0,2123,3798,2124,3799,0.0,3085.0
Z9865,OQ512990.1,98.882,1431,16,0,12470,13900,12471,13901,0.0,2584.0
Z9865,OQ512990.1,98.201,1445,26,0,6166,7610,6167,7611,0.0,2573.0
Z9865,OQ512990.1,95.862,1329,55,0,3830,5158,3831,5159,0.0,2250.0
Z9865,OQ512990.1,99.883,858,1,0,5268,6125,5269,6126,0.0,1581.0
Z9865,OQ512990.1,96.583,761,26,0,10242,11002,10243,11003,0.0,1310.0
Z9865,OQ512990.1,99.051,632,6,0,11068,11699,11069,11700,0.0,1146.0
Z9865,OQ512990.1,96.296,540,20,0,7645,8184,7646,8185,0.0,924.0
Z9865,OQ512990.1,97.199,357,10,0,11772,12128,11773,12129,1.19e-174,623.0
Z9865,OQ512990.1,99.605,253,1,0,12177,12429,12178,12430,7.66e-127,464.0
Z9865,OQ512990.1,100.0,212,0,0,1,212,1,212,3.66e-105,392.0
Z9865,OQ512990.1,99.517,207,1,0,16110,16316,16111,16317,1.03e-100,377.0
Z9865,OQ512990.1,100.0,129,0,0,15861,15989,15862,15990,5.05e-59,239.0
Z9865,OQ512990.1,100.0,39,0,0,16030,16068,16031,16069,5.42e-09,73.1
Z9865,EU177834.1,96.272,1958,73,0,8240,10197,8240,10197,0.0,3347.0
Z9865,EU177834.1,97.385,1874,49,0,13941,15814,13941,15814,0.0,3277.0
Z9865,EU177834.1,97.738,1768,40,0,311,2078,311,2078,0.0,3112.0
Z9865,EU177834.1,99.881,1676,2,0,2123,3798,2123,3798,0.0,3088.0
Z9865,EU177834.1,98.882,1431,16,0,12470,13900,12470,13900,0.0,2584.0
Z9865,EU177834.1,98.201,1445,26,0,6166,7610,6166,7610,0.0,2573.0
Z9865,EU177834.1,95.937,1329,54,0,3830,5158,3830,5158,0.0,2255.0
Z9865,EU177834.1,99.883,858,1,0,5268,6125,5268,6125,0.0,1581.0
Z9865,EU177834.1,96.583,761,26,0,10242,11002,10242,11002,0.0,1310.0
Z9865,EU177834.1,99.051,632,6,0,11068,11699,11068,11699,0.0,1146.0
Z9865,EU177834.1,96.296,540,20,0,7645,8184,7645,8184,0.0,924.0
Z9865,EU177834.1,96.919,357,11,0,11772,12128,11772,12128,5.55e-173,617.0
Z9865,EU177834.1,99.605,253,1,0,12177,12429,12177,12429,7.66e-127,464.0
Z9865,EU177834.1,100.0,212,0,0,1,212,1,212,3.66e-105,392.0
Z9865,EU177834.1,99.517,207,1,0,16110,16316,16110,16316,2.85e-101,379.0
Z9865,EU177834.1,99.225,129,1,0,15861,15989,15861,15989,2.35e-57,233.0
Z9865,EU177834.1,100.0,39,0,0,16030,16068,16030,16068,5.42e-09,73.1
Z9865,OQ513010.1,96.272,1958,73,0,8240,10197,8240,10197,0.0,3347.0
Z9865,OQ513010.1,97.385,1874,49,0,13941,15814,13941,15814,0.0,3277.0
Z9865,OQ513010.1,97.738,1768,40,0,311,2078,311,2078,0.0,3112.0
Z9865,OQ513010.1,99.821,1676,3,0,2123,3798,2123,3798,0.0,3083.0
Z9865,OQ513010.1,98.812,1431,17,0,12470,13900,12470,13900,0.0,2579.0
Z9865,OQ513010.1,97.993,1445,29,0,6166,7610,6166,7610,0.0,2556.0
Z9865,OQ513010.1,95.937,1329,54,0,3830,5158,3830,5158,0.0,2255.0
Z9865,OQ513010.1,99.883,858,1,0,5268,6125,5268,6125,0.0,1581.0
Z9865,OQ513010.1,96.452,761,27,0,10242,11002,10242,11002,0.0,1304.0
Z9865,OQ513010.1,99.051,632,6,0,11068,11699,11068,11699,0.0,1146.0
Z9865,OQ513010.1,96.296,540,20,0,7645,8184,7645,8184,0.0,924.0
Z9865,OQ513010.1,96.639,357,12,0,11772,12128,11772,12128,2.58e-171,612.0
Z9865,OQ513010.1,99.605,253,1,0,12177,12429,12177,12429,7.66e-127,464.0
Z9865,OQ513010.1,100.0,212,0,0,1,212,1,212,3.66e-105,392.0
Z9865,OQ513010.1,98.068,207,4,0,16110,16316,16110,16316,1.03e-95,361.0
Z9865,OQ513010.1,100.0,129,0,0,15861,15989,15861,15989,5.05e-59,239.0
Z9865,OQ513010.1,97.436,39,1,0,16030,16068,16030,16068,2.52e-07,67.6
Z9865,EU177833.1,96.272,1958,73,0,8240,10197,8240,10197,0.0,3347.0
Z9865,EU177833.1,97.385,1874,49,0,13941,15814,13941,15814,0.0,3277.0
Z9865,EU177833.1,97.738,1768,40,0,311,2078,311,2078,0.0,3112.0
Z9865,EU177833.1,99.881,1676,2,0,2123,3798,2123,3798,0.0,3088.0
Z9865,EU177833.1,98.882,1431,16,0,12470,13900,12470,13900,0.0,2584.0
Z9865,EU177833.1,98.201,1445,26,0,6166,7610,6166,7610,0.0,2573.0
Z9865,EU177833.1,95.937,1329,54,0,3830,5158,3830,5158,0.0,2255.0
Z9865,EU177833.1,99.883,858,1,0,5268,6125,5268,6125,0.0,1581.0
Z9865,EU177833.1,96.583,761,26,0,10242,11002,10242,11002,0.0,1310.0
Z9865,EU177833.1,99.051,632,6,0,11068,11699,11068,11699,0.0,1146.0
Z9865,EU177833.1,96.296,540,20,0,7645,8184,7645,8184,0.0,924.0
Z9865,EU177833.1,96.919,357,11,0,11772,12128,11772,12128,5.55e-173,617.0
Z9865,EU177833.1,99.605,253,1,0,12177,12429,12177,12429,7.66e-127,464.0
Z9865,EU177833.1,100.0,212,0,0,1,212,1,212,3.66e-105,392.0
Z9865,EU177833.1,100.0,207,0,0,16110,16316,16110,16316,2.21e-102,383.0
Z9865,EU177833.1,99.225,129,1,0,15861,15989,15861,15989,2.35e-57,233.0
Z9865,EU177833.1,100.0,39,0,0,16030,16068,16030,16068,5.42e-09,73.1
Z9865,OQ513033.1,96.272,1958,73,0,8240,10197,8240,10197,0.0,3347.0
Z9865,OQ513033.1,97.385,1874,49,0,13941,15814,13941,15814,0.0,3277.0
Z9865,OQ513033.1,97.738,1768,40,0,311,2078,311,2078,0.0,3112.0
Z9865,OQ513033.1,99.821,1676,3,0,2123,3798,2123,3798,0.0,3083.0
Z9865,OQ513033.1,98.812,1431,17,0,12470,13900,12470,13900,0.0,2579.0
Z9865,OQ513033.1,98.062,1445,28,0,6166,7610,6166,7610,0.0,2562.0
Z9865,OQ513033.1,95.937,1329,54,0,3830,5158,3830,5158,0.0,2255.0
Z9865,OQ513033.1,99.883,858,1,0,5268,6125,5268,6125,0.0,1581.0
Z9865,OQ513033.1,96.452,761,27,0,10242,11002,10242,11002,0.0,1304.0
Z9865,OQ513033.1,99.051,632,6,0,11068,11699,11068,11699,0.0,1146.0
Z9865,OQ513033.1,96.296,540,20,0,7645,8184,7645,8184,0.0,924.0
Z9865,OQ513033.1,96.639,357,12,0,11772,12128,11772,12128,2.58e-171,612.0
Z9865,OQ513033.1,99.605,253,1,0,12177,12429,12177,12429,7.66e-127,464.0
Z9865,OQ513033.1,100.0,212,0,0,1,212,1,212,3.66e-105,392.0
Z9865,OQ513033.1,98.068,207,4,0,16110,16316,16110,16316,1.03e-95,361.0
Z9865,OQ513033.1,100.0,129,0,0,15861,15989,15861,15989,5.05e-59,239.0
Z9865,OQ513033.1,97.436,39,1,0,16030,16068,16030,16068,2.52e-07,67.6
Z9865,OQ513038.1,96.272,1958,73,0,8240,10197,8240,10197,0.0,3347.0
Z9865,OQ513038.1,97.385,1874,49,0,13941,15814,13941,15814,0.0,3277.0
Z9865,OQ513038.1,97.738,1768,39,1,311,2078,312,2078,0.0,3109.0
Z9865,OQ513038.1,99.821,1676,3,0,2123,3798,2123,3798,0.0,3083.0
Z9865,OQ513038.1,98.882,1431,16,0,12470,13900,12470,13900,0.0,2584.0
Z9865,OQ513038.1,98.201,1445,26,0,6166,7610,6166,7610,0.0,2573.0
Z9865,OQ513038.1,95.937,1329,54,0,3830,5158,3830,5158,0.0,2255.0
Z9865,OQ513038.1,99.883,858,1,0,5268,6125,5268,6125,0.0,1581.0
Z9865,OQ513038.1,96.583,761,26,0,10242,11002,10242,11002,0.0,1310.0
Z9865,OQ513038.1,99.051,632,6,0,11068,11699,11068,11699,0.0,1146.0
Z9865,OQ513038.1,96.296,540,20,0,7645,8184,7645,8184,0.0,924.0
Z9865,OQ513038.1,97.199,357,10,0,11772,12128,11772,12128,1.19e-174,623.0
Z9865,OQ513038.1,99.605,253,1,0,12177,12429,12177,12429,7.66e-127,464.0
Z9865,OQ513038.1,100.0,212,0,0,1,212,1,212,3.66e-105,392.0
Z9865,OQ513038.1,99.517,207,1,0,16110,16316,16110,16316,1.03e-100,377.0
Z9865,OQ513038.1,100.0,129,0,0,15861,15989,15861,15989,5.05e-59,239.0
Z9865,OQ513038.1,100.0,39,0,0,16030,16068,16030,16068,5.42e-09,73.1
Z9865,MZ901482.1,96.272,1958,73,0,8240,10197,8240,10197,0.0,3347.0
Z9865,MZ901482.1,97.279,1874,51,0,13941,15814,13941,15814,0.0,3265.0
Z9865,MZ901482.1,97.738,1768,40,0,311,2078,311,2078,0.0,3112.0
Z9865,MZ901482.1,99.881,1676,2,0,2123,3798,2123,3798,0.0,3088.0
Z9865,MZ901482.1,98.882,1431,16,0,12470,13900,12470,13900,0.0,2584.0
Z9865,MZ901482.1,98.201,1445,26,0,6166,7610,6166,7610,0.0,2573.0
Z9865,MZ901482.1,95.937,1329,54,0,3830,5158,3830,5158,0.0,2255.0
Z9865,MZ901482.1,99.883,858,1,0,5268,6125,5268,6125,0.0,1581.0
Z9865,MZ901482.1,96.583,761,26,0,10242,11002,10242,11002,0.0,1310.0
Z9865,MZ901482.1,99.051,632,6,0,11068,11699,11068,11699,0.0,1146.0
Z9865,MZ901482.1,96.296,540,20,0,7645,8184,7645,8184,0.0,924.0
Z9865,MZ901482.1,96.919,357,11,0,11772,12128,11772,12128,5.55e-173,617.0
Z9865,MZ901482.1,99.605,253,1,0,12177,12429,12177,12429,7.66e-127,464.0
Z9865,MZ901482.1,100.0,212,0,0,1,212,1,212,3.66e-105,392.0
Z9865,MZ901482.1,100.0,207,0,0,16110,16316,16110,16316,2.21e-102,383.0
Z9865,MZ901482.1,100.0,129,0,0,15861,15989,15861,15989,5.05e-59,239.0
Z9865,MZ901482.1,100.0,39,0,0,16030,16068,16030,16068,5.42e-09,73.1
Z9865,OQ513016.1,96.272,1958,73,0,8240,10197,8240,10197,0.0,3347.0
Z9865,OQ513016.1,97.332,1874,50,0,13941,15814,13941,15814,0.0,3271.0
Z9865,OQ513016.1,97.738,1768,40,0,311,2078,311,2078,0.0,3112.0
Z9865,OQ513016.1,99.821,1676,3,0,2123,3798,2123,3798,0.0,3083.0
Z9865,OQ513016.1,98.812,1431,17,0,12470,13900,12470,13900,0.0,2579.0
Z9865,OQ513016.1,98.201,1445,26,0,6166,7610,6166,7610,0.0,2573.0
Z9865,OQ513016.1,95.937,1329,54,0,3830,5158,3830,5158,0.0,2255.0
Z9865,OQ513016.1,99.767,858,2,0,5268,6125,5268,6125,0.0,1576.0
Z9865,OQ513016.1,96.583,761,26,0,10242,11002,10242,11002,0.0,1310.0
Z9865,OQ513016.1,99.051,632,6,0,11068,11699,11068,11699,0.0,1146.0
Z9865,OQ513016.1,96.296,540,20,0,7645,8184,7645,8184,0.0,924.0
Z9865,OQ513016.1,97.199,357,10,0,11772,12128,11772,12128,1.19e-174,623.0
Z9865,OQ513016.1,99.605,253,1,0,12177,12429,12177,12429,7.66e-127,464.0
Z9865,OQ513016.1,99.057,212,2,0,1,212,1,212,7.93e-102,381.0
Z9865,OQ513016.1,99.517,207,1,0,16110,16316,16110,16316,1.03e-100,377.0
Z9865,OQ513016.1,100.0,129,0,0,15861,15989,15861,15989,5.05e-59,239.0
Z9865,MT576749.1,96.221,1958,74,0,8240,10197,8242,10199,0.0,3341.0
Z9865,MT576749.1,97.385,1874,49,0,13941,15814,13943,15816,0.0,3277.0
Z9865,MT576749.1,97.851,1768,38,0,311,2078,313,2080,0.0,3123.0
Z9865,MT576749.1,99.881,1676,2,0,2123,3798,2125,3800,0.0,3088.0
Z9865,MT576749.1,98.812,1431,17,0,12470,13900,12472,13902,0.0,2579.0
Z9865,MT576749.1,98.201,1445,26,0,6166,7610,6168,7612,0.0,2573.0
Z9865,MT576749.1,95.786,1329,56,0,3830,5158,3832,5160,0.0,2244.0
Z9865,MT576749.1,99.883,858,1,0,5268,6125,5270,6127,0.0,1581.0
Z9865,MT576749.1,96.583,761,26,0,10242,11002,10244,11004,0.0,1310.0
Z9865,MT576749.1,99.051,632,6,0,11068,11699,11070,11701,0.0,1146.0
Z9865,MT576749.1,96.296,540,20,0,7645,8184,7647,8186,0.0,924.0
Z9865,MT576749.1,97.199,357,10,0,11772,12128,11774,12130,1.19e-174,623.0
Z9865,MT576749.1,99.605,253,1,0,12177,12429,12179,12431,7.66e-127,464.0
Z9865,MT576749.1,100.0,212,0,0,1,212,1,212,3.66e-105,392.0
Z9865,MT576749.1,99.517,207,1,0,16110,16316,16112,16318,1.03e-100,377.0
Z9865,MT576749.1,100.0,129,0,0,15861,15989,15863,15991,5.05e-59,239.0
Z9865,MT576749.1,100.0,39,0,0,16030,16068,16032,16070,5.42e-09,73.1
Z9865,LC880087.1,96.221,1958,74,0,8240,10197,7877,9834,0.0,3341.0
Z9865,LC880087.1,97.332,1874,50,0,13941,15814,13578,15451,0.0,3271.0
Z9865,LC880087.1,99.821,1676,3,0,2123,3798,1760,3435,0.0,3083.0
Z9865,LC880087.1,97.726,1715,39,0,364,2078,1,1715,0.0,3020.0
Z9865,LC880087.1,98.882,1431,16,0,12470,13900,12107,13537,0.0,2584.0
Z9865,LC880087.1,98.201,1445,26,0,6166,7610,5803,7247,0.0,2573.0
Z9865,LC880087.1,95.937,1329,54,0,3830,5158,3467,4795,0.0,2255.0
Z9865,LC880087.1,99.883,858,1,0,5268,6125,4905,5762,0.0,1581.0
Z9865,LC880087.1,96.452,761,27,0,10242,11002,9879,10639,0.0,1304.0
Z9865,LC880087.1,99.051,632,6,0,11068,11699,10705,11336,0.0,1146.0
Z9865,LC880087.1,96.296,540,20,0,7645,8184,7282,7821,0.0,924.0
Z9865,LC880087.1,97.199,357,10,0,11772,12128,11409,11765,1.19e-174,623.0
Z9865,LC880087.1,99.605,253,1,0,12177,12429,11814,12066,7.66e-127,464.0
Z9865,LC880087.1,99.528,212,1,0,1,212,15977,16188,1.70e-103,387.0
Z9865,LC880087.1,99.517,207,1,0,16110,16316,15747,15953,1.03e-100,377.0
Z9865,LC880087.1,100.0,129,0,0,15861,15989,15498,15626,5.05e-59,239.0
Z9865,LC880087.1,100.0,52,0,0,311,362,16287,16338,3.22e-16,97.1
Z9865,LC880087.1,100.0,39,0,0,16030,16068,15667,15705,5.42e-09,73.1
Z9867,MZ901641.1,98.923,16335,176,0,1,16335,1,16335,0.0,29508.0
Z9867,OR766860.1,98.923,16335,176,0,1,16335,1,16335,0.0,29505.0
Z9867,MZ901605.1,98.916,16335,176,1,1,16335,1,16334,0.0,29501.0
Z9867,OQ512992.1,98.91,16335,178,0,1,16335,1,16335,0.0,29497.0
Z9867,OQ512990.1,98.904,16336,177,2,1,16335,1,16335,0.0,29493.0
Z9867,MZ901610.1,98.904,16335,179,0,1,16335,1,16335,0.0,29493.0
Z9867,OQ513009.1,98.898,16337,178,1,1,16335,1,16337,0.0,29488.0
Z9867,OQ513020.1,98.898,16337,178,1,1,16335,1,16337,0.0,29488.0
Z9867,OQ513012.1,98.898,16337,178,1,1,16335,1,16337,0.0,29488.0
Z9867,MZ901687.1,98.898,16335,180,0,1,16335,1,16335,0.0,29488.0
